frequency,position,snp_type,title,strain
1,1236057,C-T,100,7
1,1313622,C-T,100,7
1,4492055,C-T,101,7
1,1265,C-T,102,7
1,602565,G-A,102,7
1,2883384,C-T,102,7
1,4623614,G-A,102,7
1,1265,C-T,103,7
1,302519,G-A,103,7
1,1477723,C-T,103,7
1,2477390,G-A,103,7
1,343537,C-T,106,7
1,1844614,C-T,106,7
1,1869938,G-A,106,7
1,2716404,G-A,106,7
1,2883384,C-T,106,7
1,3262943,G-A,106,7
1,3985327,C-T,106,7
1,4492055,C-T,106,7
1,139869,C-T,107,7
1,310713,C-T,107,7
1,335743,C-T,107,7
1,343537,C-T,107,7
1,862023,C-T,107,7
1,1603427,C-T,107,7
1,1691734,C-T,107,7
1,1739191,G-A,107,7
1,2241843,G-A,107,7
1,2259310,G-A,107,7
1,2701045,C-T,107,7
1,2716404,G-A,107,7
1,2898413,G-A,107,7
1,2902677,G-A,107,7
1,3262943,G-A,107,7
1,3339445,G-A,107,7
1,3766723,G-A,107,7
1,3987796,G-A,107,7
1,4576221,G-A,107,7
1,379487,G-A,10,7
1,402621,C-T,10,7
1,3790211,G-A,10,7
1,302519,G-A,111,7
1,343537,C-T,111,7
1,379487,G-A,112,7
1,485136,C-T,112,7
1,601920,C-T,112,7
1,1276129,G-A,112,7
1,1394175,G-A,112,7
1,2468757,G-A,112,7
1,2716404,G-A,112,7
1,2823020,C-T,112,7
1,3047564,G-A,112,7
1,3060054,G-A,112,7
1,3262943,G-A,112,7
1,3631790,G-A,112,7
1,3790211,G-A,112,7
1,1236057,C-T,114,7
1,1313622,C-T,114,7
1,1844614,C-T,114,7
1,2356744,G-A,114,7
1,2716404,G-A,114,7
1,3047564,G-A,114,7
1,3262943,G-A,114,7
1,3271912,G-A,114,7
1,3384239,C-T,114,7
1,4058358,C-T,114,7
1,4492055,C-T,114,7
1,4574308,C-T,114,7
1,135705,C-T,116,7
1,343537,C-T,116,7
1,564234,C-T,116,7
1,1652166,G-A,116,7
1,1668608,G-A,116,7
1,2309287,C-T,116,7
1,2576447,G-A,116,7
1,2716404,G-A,116,7
1,2767925,G-A,116,7
1,2776772,G-A,116,7
1,3384239,C-T,116,7
1,3985177,C-T,116,7
1,1652166,G-A,119,7
1,1668608,G-A,119,7
1,1844614,C-T,119,7
1,1922364,C-T,119,7
1,1463287,G-A,11,7
1,69386,C-T,122,9
1,233748,C-T,122,9
1,343537,C-T,122,9
1,616400,C-T,122,9
1,1348843,C-T,122,9
1,1495060,G-A,122,9
1,1770253,G-A,122,9
1,1802032,G-A,122,9
1,2333548,G-A,122,9
1,2642615,C-T,122,9
1,3330752,C-T,122,9
1,3384239,C-T,122,9
1,3960773,C-T,122,9
1,4492055,C-T,122,9
1,139869,C-T,127,9
1,561200,C-T,127,9
1,860093,C-T,127,9
1,862023,C-T,127,9
1,1818975,G-A,127,9
1,1984365,G-A,127,9
1,2007303,G-A,127,9
1,2272466,G-A,127,9
1,2650529,G-A,127,9
1,2716404,G-A,127,9
1,2883384,C-T,127,9
1,3047564,G-A,127,9
1,3050030,G-A,127,9
1,3262943,G-A,127,9
1,3339445,G-A,127,9
1,3423930,G-A,127,9
1,3558450,G-A,127,9
1,4216753,G-A,127,9
1,4323020,C-T,127,9
1,4492055,C-T,127,9
1,4576221,G-A,127,9
1,4613837,C-T,127,9
1,3047564,G-A,128,9
1,3050030,G-A,128,9
1,3143429,C-T,128,9
1,3156057,G-A,128,9
1,3262943,G-A,128,9
1,3339445,G-A,128,9
1,3423930,G-A,128,9
1,3558450,G-A,128,9
1,3743112,G-A,128,9
1,1265,C-T,12,7
1,302519,G-A,12,7
1,343537,C-T,12,7
1,602565,G-A,12,7
1,1477723,C-T,12,7
1,1492446,C-T,12,7
1,1699868,G-A,12,7
1,1896986,C-T,12,7
1,2477390,G-A,12,7
1,2505448,G-A,12,7
1,2598040,C-T,12,7
1,2716404,G-A,12,7
1,3047564,G-A,12,7
1,3262943,G-A,12,7
1,3384239,C-T,12,7
1,4492055,C-T,12,7
1,4623614,G-A,12,7
1,36287,G-A,12,7
1,121171,C-T,130,9
1,253468,C-T,130,9
1,343537,C-T,130,9
1,526169,C-T,130,9
1,610514,C-T,130,9
1,1292674,C-T,130,9
1,1555931,C-T,130,9
1,1844614,C-T,130,9
1,2716404,G-A,130,9
1,3047564,G-A,130,9
1,3163756,C-T,130,9
1,3345246,G-A,130,9
1,3384239,C-T,130,9
1,561200,C-T,131,9
1,860093,C-T,131,9
1,862023,C-T,131,9
1,1603427,C-T,131,9
1,1818975,G-A,131,9
1,1844614,C-T,131,9
1,1984365,G-A,131,9
1,2007303,G-A,131,9
1,2259310,G-A,131,9
1,2272466,G-A,131,9
1,3143429,C-T,131,9
1,3156057,G-A,131,9
1,3262943,G-A,131,9
1,3558450,G-A,131,9
1,51287,C-T,131,9
1,139869,C-T,132,9
1,1603427,C-T,132,9
1,1818975,G-A,132,9
1,2007303,G-A,132,9
1,164452,C-T,133,9
1,343537,C-T,133,9
1,610390,G-A,133,9
1,726367,C-T,133,9
1,759352,C-T,133,9
1,1157075,G-A,133,9
1,2464492,G-A,133,9
1,2492843,G-A,133,9
1,2619299,G-A,133,9
1,2671370,C-T,133,9
1,2685576,G-A,133,9
1,2716404,G-A,133,9
1,2995515,G-A,133,9
1,3047564,G-A,133,9
1,3262943,G-A,133,9
1,3286733,G-A,133,9
1,3381878,G-A,133,9
1,3545212,C-T,133,9
1,3777318,G-A,133,9
1,3928529,C-T,133,9
1,4492055,C-T,133,9
1,4532697,G-A,133,9
1,4665846,C-T,133,9
1,2007303,G-A,134,9
1,2716404,G-A,134,9
1,4031674,C-T,134,9
1,4576221,G-A,134,9
1,51287,C-T,134,9
1,69386,C-T,135,9
1,343537,C-T,135,9
1,385617,C-T,135,9
1,432914,C-T,135,9
1,947434,C-T,135,9
1,1463287,G-A,135,9
1,1669752,C-T,135,9
1,1842872,G-A,135,9
1,2370262,C-T,135,9
1,2441475,G-A,135,9
1,2807289,G-A,135,9
1,3384239,C-T,135,9
1,4492055,C-T,135,9
1,561200,C-T,136,9
1,860093,C-T,136,9
1,862023,C-T,136,9
1,1312288,C-T,136,9
1,1603427,C-T,136,9
1,1984365,G-A,136,9
1,2007303,G-A,136,9
1,2259310,G-A,136,9
1,2272466,G-A,136,9
1,2650529,G-A,136,9
1,2716404,G-A,136,9
1,2883384,C-T,136,9
1,4031674,C-T,136,9
1,4216753,G-A,136,9
1,253468,C-T,137,9
1,343537,C-T,137,9
1,1555931,C-T,137,9
1,2845397,G-A,137,9
1,2915150,C-T,137,9
1,438363,G-A,138,9
1,1272094,G-A,138,9
1,1603427,C-T,138,9
1,1818975,G-A,138,9
1,1844614,C-T,138,9
1,1984365,G-A,138,9
1,2007303,G-A,138,9
1,3047564,G-A,138,9
1,3262943,G-A,138,9
1,51287,C-T,138,9
1,860093,C-T,139,9
1,1603427,C-T,13,7
1,1739191,G-A,13,7
1,2007303,G-A,13,7
1,2241843,G-A,13,7
1,2259310,G-A,13,7
1,2898413,G-A,13,7
1,3262943,G-A,13,7
1,51287,C-T,13,7
1,343537,C-T,141,9
1,726367,C-T,141,9
1,759352,C-T,141,9
1,1157075,G-A,141,9
1,2464492,G-A,141,9
1,2685576,G-A,141,9
1,2716404,G-A,141,9
1,2995515,G-A,141,9
1,3047564,G-A,141,9
1,3286733,G-A,141,9
1,3381878,G-A,141,9
1,3441067,G-A,141,9
1,3545212,C-T,141,9
1,3777318,G-A,141,9
1,3928529,C-T,141,9
1,4060598,C-T,141,9
1,4665846,C-T,141,9
1,164452,C-T,142,9
1,343537,C-T,142,9
1,610390,G-A,142,9
1,726367,C-T,142,9
1,759352,C-T,142,9
1,1157075,G-A,142,9
1,1844614,C-T,142,9
1,2464492,G-A,142,9
1,2492843,G-A,142,9
1,2619299,G-A,142,9
1,2716404,G-A,142,9
1,2730099,G-A,142,9
1,2995515,G-A,142,9
1,3262943,G-A,142,9
1,3286733,G-A,142,9
1,3381878,G-A,142,9
1,3384239,C-T,142,9
1,3441067,G-A,142,9
1,3545212,C-T,142,9
1,3777318,G-A,142,9
1,3928529,C-T,142,9
1,4060598,C-T,142,9
1,4492055,C-T,142,9
1,4532697,G-A,142,9
1,4665846,C-T,142,9
1,226747,C-T,143,9
1,2883384,C-T,143,9
1,2995515,G-A,143,9
1,3777318,G-A,143,9
1,4580122,G-A,143,9
1,4595331,G-A,143,9
1,862023,C-T,14,7
1,1603427,C-T,14,7
1,3143429,C-T,14,7
1,1844614,C-T,16,7
1,2716404,G-A,16,7
1,3262943,G-A,16,7
1,3384239,C-T,16,7
1,4492055,C-T,16,7
1,2598040,C-T,186,4
1,1869938,G-A,194,7
1,3985327,C-T,194,7
1,57144,C-T,195,7
1,343537,C-T,195,7
1,3187524,G-A,195,7
1,309645,C-T,196,7
1,343537,C-T,196,7
1,379487,G-A,196,7
1,402621,C-T,196,7
1,485136,C-T,196,7
1,601920,C-T,196,7
1,1276129,G-A,196,7
1,1324416,C-T,196,7
1,1394175,G-A,196,7
1,1844614,C-T,196,7
1,2468757,G-A,196,7
1,2716404,G-A,196,7
1,3047564,G-A,196,7
1,3060054,G-A,196,7
1,3262943,G-A,196,7
1,3384239,C-T,196,7
1,3631790,G-A,196,7
1,3790211,G-A,196,7
1,4492055,C-T,196,7
0.960611343,302519,G-A,197,7
1,343537,C-T,197,7
1,602565,G-A,197,7
1,744037,C-T,197,7
1,1699868,G-A,197,7
1,1844614,C-T,197,7
1,1896986,C-T,197,7
0.941748142,2505448,G-A,197,7
1,2716404,G-A,197,7
1,2883384,C-T,197,7
1,3047564,G-A,197,7
1,3139565,C-T,197,7
1,3165447,G-A,197,7
1,3262943,G-A,197,7
1,3384239,C-T,197,7
1,3937645,C-T,197,7
1,4492055,C-T,197,7
1,4623614,G-A,197,7
1,343537,C-T,198,7
1,1180067,C-T,198,7
1,1844614,C-T,198,7
1,1945617,G-A,198,7
1,2464928,C-T,198,7
1,2716404,G-A,198,7
1,2883384,C-T,198,7
1,2988114,G-A,198,7
1,3047564,G-A,198,7
1,3166724,C-T,198,7
1,3262943,G-A,198,7
1,3384239,C-T,198,7
1,3437062,G-A,198,7
1,3508245,C-T,198,7
1,3765942,G-A,198,7
1,4492055,C-T,198,7
1,113981,C-T,199,7
1,553245,G-A,199,7
1,608039,C-T,199,7
1,1922364,C-T,199,7
1,2309287,C-T,199,7
1,2509738,C-T,199,7
1,2576447,G-A,199,7
1,2716404,G-A,199,7
1,2767925,G-A,199,7
1,3047564,G-A,199,7
1,3501637,G-A,199,7
1,3985177,C-T,199,7
1,4492055,C-T,199,7
1,343537,C-T,19,7
1,602565,G-A,19,7
1,1492446,C-T,19,7
1,1844614,C-T,19,7
1,2716404,G-A,19,7
1,3262943,G-A,19,7
1,4492055,C-T,19,7
1,139869,C-T,200,7
1,335743,C-T,200,7
1,343537,C-T,200,7
1,815682,C-T,200,7
1,862023,C-T,200,7
1,1272094,G-A,200,7
1,1334627,C-T,200,7
1,1603427,C-T,200,7
1,1691734,C-T,200,7
1,1739191,G-A,200,7
1,2007303,G-A,200,7
1,2241843,G-A,200,7
1,2259310,G-A,200,7
1,2701045,C-T,200,7
1,2716404,G-A,200,7
1,2883384,C-T,200,7
1,2898413,G-A,200,7
1,2902677,G-A,200,7
1,3143429,C-T,200,7
1,3262943,G-A,200,7
1,3339445,G-A,200,7
1,3384239,C-T,200,7
1,3743112,G-A,200,7
1,3766723,G-A,200,7
1,3987796,G-A,200,7
1,4492055,C-T,200,7
1,4576221,G-A,200,7
1,51287,C-T,200,7
1,4492055,C-T,201,7
1,343537,C-T,202,7
1,379487,G-A,202,7
1,601920,C-T,202,7
1,1324416,C-T,202,7
1,1394175,G-A,202,7
1,1844614,C-T,202,7
1,2468757,G-A,202,7
1,2823020,C-T,202,7
1,2883384,C-T,202,7
1,3047564,G-A,202,7
1,3060054,G-A,202,7
1,3384239,C-T,202,7
1,3790211,G-A,202,7
1,4492055,C-T,202,7
1,343537,C-T,203,7
1,437133,C-T,203,7
1,1236057,C-T,203,7
1,1313622,C-T,203,7
1,1844614,C-T,203,7
1,2356744,G-A,203,7
1,2716404,G-A,203,7
1,2883384,C-T,203,7
1,3047564,G-A,203,7
1,3262943,G-A,203,7
1,3271912,G-A,203,7
1,4058358,C-T,203,7
1,4492055,C-T,203,7
1,4574308,C-T,203,7
1,139869,C-T,204,7
1,310713,C-T,204,7
1,335743,C-T,204,7
1,343537,C-T,204,7
1,3047564,G-A,204,7
1,3050030,G-A,204,7
1,3143429,C-T,204,7
1,3262943,G-A,204,7
1,3339445,G-A,204,7
1,3743112,G-A,204,7
1,3766723,G-A,204,7
1,3987796,G-A,204,7
1,564234,C-T,205,7
1,608039,C-T,205,7
1,2309287,C-T,205,7
1,4492055,C-T,205,7
1,1640942,G-A,206,7
1,2883384,C-T,206,7
1,3384239,C-T,206,7
1,4401241,C-T,206,7
1,4492055,C-T,206,7
1,4597348,C-T,206,7
1,139869,C-T,208,7
1,335743,C-T,208,7
1,815682,C-T,208,7
1,862023,C-T,208,7
1,1603427,C-T,208,7
1,1691734,C-T,208,7
1,1739191,G-A,208,7
1,2007303,G-A,208,7
1,2241843,G-A,208,7
1,2259310,G-A,208,7
1,2701045,C-T,208,7
1,2716404,G-A,208,7
1,2883384,C-T,208,7
1,2898413,G-A,208,7
1,2902677,G-A,208,7
1,3047564,G-A,208,7
1,3050030,G-A,208,7
1,3262943,G-A,208,7
1,3339445,G-A,208,7
1,3384239,C-T,208,7
1,3743112,G-A,208,7
1,3766723,G-A,208,7
1,4492055,C-T,208,7
1,4576221,G-A,208,7
1,51287,C-T,208,7
1,1265,C-T,209,7
1,302519,G-A,209,7
1,343537,C-T,209,7
1,602565,G-A,209,7
1,744037,C-T,209,7
1,1215894,C-T,209,7
1,1477723,C-T,209,7
1,1492446,C-T,209,7
1,1699868,G-A,209,7
1,1844614,C-T,209,7
1,1896986,C-T,209,7
1,2477390,G-A,209,7
1,2505448,G-A,209,7
1,2716404,G-A,209,7
1,2883384,C-T,209,7
1,3047564,G-A,209,7
1,3262943,G-A,209,7
1,3384239,C-T,209,7
1,3937645,C-T,209,7
1,4492055,C-T,209,7
1,4623614,G-A,209,7
1,335743,C-T,20,7
1,343537,C-T,20,7
1,815682,C-T,20,7
1,862023,C-T,20,7
1,1334627,C-T,20,7
1,1603427,C-T,20,7
1,1739191,G-A,20,7
1,2241843,G-A,20,7
1,2259310,G-A,20,7
1,2701045,C-T,20,7
1,2716404,G-A,20,7
1,2883384,C-T,20,7
1,2898413,G-A,20,7
1,2902677,G-A,20,7
1,3047564,G-A,20,7
1,3050030,G-A,20,7
1,3143429,C-T,20,7
1,3339445,G-A,20,7
1,3743112,G-A,20,7
1,3766723,G-A,20,7
1,4492055,C-T,20,7
1,51287,C-T,20,7
1,310713,C-T,210,7
1,335743,C-T,210,7
1,343537,C-T,210,7
1,815682,C-T,210,7
1,862023,C-T,210,7
1,1272094,G-A,210,7
1,1334627,C-T,210,7
1,1603427,C-T,210,7
1,1691734,C-T,210,7
1,1739191,G-A,210,7
1,2128154,G-A,210,7
1,2241843,G-A,210,7
1,2259310,G-A,210,7
1,2883384,C-T,210,7
1,2898413,G-A,210,7
1,2902677,G-A,210,7
1,3047564,G-A,210,7
1,3050030,G-A,210,7
1,3143429,C-T,210,7
1,3262943,G-A,210,7
1,3339445,G-A,210,7
1,3384239,C-T,210,7
1,3987796,G-A,210,7
1,4492055,C-T,210,7
1,4576221,G-A,210,7
1,51287,C-T,210,7
1,2716404,G-A,211,7
1,2883384,C-T,211,7
1,3384239,C-T,211,7
1,343537,C-T,212,7
1,779784,C-T,212,7
1,1236057,C-T,212,7
1,2883384,C-T,212,7
1,3047564,G-A,212,7
1,3271912,G-A,212,7
1,3276779,G-A,212,7
1,309645,C-T,213,7
1,343537,C-T,213,7
1,379487,G-A,213,7
1,402621,C-T,213,7
1,485136,C-T,213,7
1,601920,C-T,213,7
1,1276129,G-A,213,7
1,1324416,C-T,213,7
1,1394175,G-A,213,7
1,1844614,C-T,213,7
1,2716404,G-A,213,7
1,2823020,C-T,213,7
1,2883384,C-T,213,7
1,3047564,G-A,213,7
1,3060054,G-A,213,7
1,3262943,G-A,213,7
1,3384239,C-T,213,7
1,3631790,G-A,213,7
1,139869,C-T,214,7
1,335743,C-T,214,7
1,343537,C-T,214,7
1,862023,C-T,214,7
1,1272094,G-A,214,7
1,1334627,C-T,214,7
1,1603427,C-T,214,7
1,1691734,C-T,214,7
1,1739191,G-A,214,7
1,1844614,C-T,214,7
1,2007303,G-A,214,7
1,2128154,G-A,214,7
1,2241843,G-A,214,7
1,2259310,G-A,214,7
1,2701045,C-T,214,7
1,2716404,G-A,214,7
1,2883384,C-T,214,7
1,2898413,G-A,214,7
1,2902677,G-A,214,7
1,3047564,G-A,214,7
1,3050030,G-A,214,7
1,3143429,C-T,214,7
1,3262943,G-A,214,7
1,3339445,G-A,214,7
1,3384239,C-T,214,7
1,3987796,G-A,214,7
1,4492055,C-T,214,7
1,4576221,G-A,214,7
1,51287,C-T,214,7
1,432914,C-T,217,9
1,1086030,G-A,217,9
1,1463287,G-A,217,9
1,1495060,G-A,217,9
1,1770253,G-A,217,9
1,1802032,G-A,217,9
1,2333548,G-A,217,9
1,2568103,G-A,217,9
1,2710731,G-A,217,9
1,3262943,G-A,217,9
1,69386,C-T,218,9
1,343537,C-T,218,9
1,432914,C-T,218,9
1,485360,C-T,218,9
1,486828,G-A,218,9
1,1086030,G-A,218,9
1,1463287,G-A,218,9
1,1669752,C-T,218,9
1,1842872,G-A,218,9
1,1844614,C-T,218,9
1,2272106,G-A,218,9
1,2441475,G-A,218,9
1,2883384,C-T,218,9
1,3047564,G-A,218,9
1,3249510,C-T,218,9
1,3925760,G-A,218,9
1,3960773,C-T,218,9
1,4300526,G-A,218,9
1,4492055,C-T,218,9
1,343537,C-T,219,9
1,437133,C-T,219,9
1,1844614,C-T,219,9
1,2716404,G-A,219,9
1,3047564,G-A,219,9
1,3262943,G-A,219,9
1,3384239,C-T,219,9
1,139869,C-T,21,7
1,310713,C-T,21,7
1,335743,C-T,21,7
1,343537,C-T,21,7
1,815682,C-T,21,7
1,1334627,C-T,21,7
1,2007303,G-A,21,7
1,2701045,C-T,21,7
1,2716404,G-A,21,7
1,2898413,G-A,21,7
1,2902677,G-A,21,7
1,3047564,G-A,21,7
1,3050030,G-A,21,7
1,4492055,C-T,21,7
1,4576221,G-A,21,7
1,139869,C-T,220,9
1,141814,C-T,220,9
1,1272094,G-A,220,9
1,1603427,C-T,220,9
1,1818975,G-A,220,9
1,1844614,C-T,220,9
1,2259310,G-A,220,9
1,2716404,G-A,220,9
1,3143429,C-T,220,9
1,3156057,G-A,220,9
1,3423930,G-A,220,9
1,3743112,G-A,220,9
1,3766723,G-A,220,9
1,4097536,G-A,220,9
1,4323020,C-T,220,9
1,4492055,C-T,220,9
1,4576221,G-A,220,9
1,51287,C-T,220,9
1,164452,C-T,221,9
1,610390,G-A,221,9
1,759352,C-T,221,9
1,1157075,G-A,221,9
1,1550245,G-A,221,9
1,1844614,C-T,221,9
1,2492843,G-A,221,9
1,3381878,G-A,221,9
1,3384239,C-T,221,9
1,3441067,G-A,221,9
1,3545212,C-T,221,9
1,4060598,C-T,221,9
1,4492055,C-T,221,9
1,4532697,G-A,221,9
1,4665846,C-T,221,9
1,7211,G-A,221,9
1,343537,C-T,222,9
1,759352,C-T,222,9
1,1844614,C-T,222,9
1,2464492,G-A,222,9
1,2883384,C-T,222,9
1,3047564,G-A,222,9
1,3262943,G-A,222,9
1,3286733,G-A,222,9
1,3381878,G-A,222,9
1,3384239,C-T,222,9
1,3441067,G-A,222,9
1,3928529,C-T,222,9
1,4492055,C-T,222,9
1,4532697,G-A,222,9
1,7211,G-A,222,9
1,343537,C-T,223,9
1,680860,C-T,223,9
1,1272094,G-A,223,9
1,1334627,C-T,223,9
1,1392209,C-T,223,9
1,1406639,C-T,223,9
1,1603427,C-T,223,9
1,1818975,G-A,223,9
1,1844614,C-T,223,9
1,2007303,G-A,223,9
1,2716404,G-A,223,9
1,2883384,C-T,223,9
1,3047564,G-A,223,9
1,3050030,G-A,223,9
1,3143429,C-T,223,9
1,3156057,G-A,223,9
1,3262943,G-A,223,9
1,3325549,C-T,223,9
1,3384239,C-T,223,9
1,3743112,G-A,223,9
1,3766723,G-A,223,9
1,3865021,G-A,223,9
1,4031674,C-T,223,9
1,4097536,G-A,223,9
1,4323020,C-T,223,9
1,4492055,C-T,223,9
1,4576221,G-A,223,9
1,51287,C-T,223,9
1,69386,C-T,224,9
1,343537,C-T,224,9
1,385617,C-T,224,9
1,432914,C-T,224,9
1,485360,C-T,224,9
1,486828,G-A,224,9
1,947434,C-T,224,9
1,1086030,G-A,224,9
1,1406902,G-A,224,9
1,1463287,G-A,224,9
1,1552640,C-T,224,9
1,1669752,C-T,224,9
1,1842872,G-A,224,9
1,1844614,C-T,224,9
1,1954444,G-A,224,9
1,2272106,G-A,224,9
1,2370262,C-T,224,9
1,2441475,G-A,224,9
1,2568103,G-A,224,9
1,2642615,C-T,224,9
1,2710731,G-A,224,9
1,2716404,G-A,224,9
1,2807289,G-A,224,9
1,2883384,C-T,224,9
1,2980477,G-A,224,9
1,3047564,G-A,224,9
1,3249510,C-T,224,9
1,3262943,G-A,224,9
1,3384239,C-T,224,9
1,3573164,G-A,224,9
1,3925760,G-A,224,9
1,3960773,C-T,224,9
1,4016882,G-A,224,9
1,4300526,G-A,224,9
1,4492055,C-T,224,9
1,164452,C-T,226,9
1,343537,C-T,226,9
1,610390,G-A,226,9
1,726367,C-T,226,9
1,759352,C-T,226,9
1,1157075,G-A,226,9
1,1517057,G-A,226,9
1,1844614,C-T,226,9
1,2464492,G-A,226,9
1,2685576,G-A,226,9
1,2730099,G-A,226,9
1,2883384,C-T,226,9
1,2995515,G-A,226,9
1,3286733,G-A,226,9
1,3381878,G-A,226,9
1,3441067,G-A,226,9
1,3545212,C-T,226,9
1,3777318,G-A,226,9
1,3928529,C-T,226,9
1,4060598,C-T,226,9
1,4492055,C-T,226,9
1,4532697,G-A,226,9
1,7211,G-A,226,9
1,343537,C-T,227,9
1,610390,G-A,227,9
1,726367,C-T,227,9
1,759352,C-T,227,9
1,1157075,G-A,227,9
1,1550245,G-A,227,9
1,4532697,G-A,227,9
1,149687,C-T,229,9
1,160030,G-A,229,9
1,308436,G-A,229,9
1,325402,G-A,229,9
1,343537,C-T,229,9
1,349922,C-T,229,9
1,876442,G-A,229,9
1,887716,C-T,229,9
1,1002343,G-A,229,9
1,1030689,G-A,229,9
1,1178144,G-A,229,9
1,1272023,C-T,229,9
1,1285224,C-T,229,9
1,1590724,G-A,229,9
1,1844614,C-T,229,9
1,1883389,G-A,229,9
1,2478992,G-A,229,9
1,2716404,G-A,229,9
1,2722249,C-T,229,9
1,2748416,G-A,229,9
1,2848069,G-A,229,9
1,2883384,C-T,229,9
1,3047564,G-A,229,9
1,3234383,G-A,229,9
1,3309414,C-T,229,9
1,3384239,C-T,229,9
1,4492055,C-T,229,9
1,7211,G-A,229,9
1,4492055,C-T,22,7
1,343537,C-T,230,9
1,860093,C-T,230,9
1,862023,C-T,230,9
1,2259310,G-A,230,9
1,51287,C-T,230,9
1,139869,C-T,231,9
1,141814,C-T,231,9
1,310713,C-T,231,9
1,343537,C-T,231,9
1,680860,C-T,231,9
1,860093,C-T,231,9
1,862023,C-T,231,9
1,1272094,G-A,231,9
1,1334627,C-T,231,9
1,1392209,C-T,231,9
1,1406639,C-T,231,9
1,1603427,C-T,231,9
1,1844614,C-T,231,9
1,2007303,G-A,231,9
1,2259310,G-A,231,9
1,2716404,G-A,231,9
1,2883384,C-T,231,9
1,3047564,G-A,231,9
1,3050030,G-A,231,9
1,3143429,C-T,231,9
1,3156057,G-A,231,9
1,3262943,G-A,231,9
1,3325549,C-T,231,9
1,3339445,G-A,231,9
1,3384239,C-T,231,9
1,3743112,G-A,231,9
1,3766723,G-A,231,9
1,3865021,G-A,231,9
1,4031674,C-T,231,9
1,4097536,G-A,231,9
1,4323020,C-T,231,9
1,4492055,C-T,231,9
1,4576221,G-A,231,9
1,164452,C-T,232,9
1,343537,C-T,232,9
1,610390,G-A,232,9
1,726367,C-T,232,9
1,759352,C-T,232,9
1,1157075,G-A,232,9
1,1550245,G-A,232,9
1,2492843,G-A,232,9
1,2619299,G-A,232,9
1,2671370,C-T,232,9
1,2685576,G-A,232,9
1,2716404,G-A,232,9
1,2730099,G-A,232,9
1,2883384,C-T,232,9
1,3262943,G-A,232,9
1,3286733,G-A,232,9
1,3381878,G-A,232,9
1,3384239,C-T,232,9
1,3441067,G-A,232,9
1,3545212,C-T,232,9
1,3777318,G-A,232,9
1,3928529,C-T,232,9
1,4060598,C-T,232,9
1,4492055,C-T,232,9
1,4532697,G-A,232,9
1,339752,G-A,233,9
1,343537,C-T,233,9
1,415365,C-T,233,9
1,601332,C-T,233,9
1,1071478,C-T,233,9
1,1171787,C-T,233,9
1,1237899,G-A,233,9
1,2080550,G-A,233,9
1,2488288,G-A,233,9
1,2716404,G-A,233,9
1,2734808,G-A,233,9
1,2883384,C-T,233,9
1,3047564,G-A,233,9
1,3262943,G-A,233,9
1,3267198,G-A,233,9
1,3384239,C-T,233,9
1,3965146,C-T,233,9
1,4492055,C-T,233,9
1,69386,C-T,234,9
1,343537,C-T,234,9
1,385617,C-T,234,9
1,432914,C-T,234,9
1,947434,C-T,234,9
1,1086030,G-A,234,9
1,1406902,G-A,234,9
1,1463287,G-A,234,9
1,1552640,C-T,234,9
1,1669752,C-T,234,9
1,1842872,G-A,234,9
1,1844614,C-T,234,9
1,1954444,G-A,234,9
1,2272106,G-A,234,9
1,2370262,C-T,234,9
1,2441475,G-A,234,9
1,2568103,G-A,234,9
1,2642615,C-T,234,9
1,2710731,G-A,234,9
1,2716404,G-A,234,9
1,2807289,G-A,234,9
1,2883384,C-T,234,9
1,2980477,G-A,234,9
1,3047564,G-A,234,9
1,3249510,C-T,234,9
1,3384239,C-T,234,9
1,3573164,G-A,234,9
1,3925760,G-A,234,9
1,3960773,C-T,234,9
1,4016882,G-A,234,9
1,4027425,C-T,234,9
1,4300526,G-A,234,9
1,4492055,C-T,234,9
1,139869,C-T,235,9
1,310713,C-T,235,9
1,343537,C-T,235,9
1,561200,C-T,235,9
1,860093,C-T,235,9
1,862023,C-T,235,9
1,1272094,G-A,235,9
1,1312288,C-T,235,9
1,1334627,C-T,235,9
1,1603427,C-T,235,9
1,1844614,C-T,235,9
1,1984365,G-A,235,9
1,2007303,G-A,235,9
1,2259310,G-A,235,9
1,2272466,G-A,235,9
1,2716404,G-A,235,9
1,2883384,C-T,235,9
1,3047564,G-A,235,9
1,3050030,G-A,235,9
1,3262943,G-A,235,9
1,3339445,G-A,235,9
1,3423930,G-A,235,9
1,3558450,G-A,235,9
1,3743112,G-A,235,9
1,3766723,G-A,235,9
1,4031674,C-T,235,9
1,4216753,G-A,235,9
1,4323020,C-T,235,9
1,4492055,C-T,235,9
1,4576221,G-A,235,9
1,51287,C-T,235,9
1,226747,C-T,236,9
1,759352,C-T,236,9
1,3047564,G-A,236,9
1,3384239,C-T,236,9
1,3441067,G-A,236,9
1,3777318,G-A,236,9
1,4580122,G-A,236,9
1,4595331,G-A,236,9
1,121171,C-T,237,9
1,253468,C-T,237,9
1,343537,C-T,237,9
1,526169,C-T,237,9
1,610514,C-T,237,9
1,1292674,C-T,237,9
1,1555931,C-T,237,9
1,2716404,G-A,237,9
1,3345246,G-A,237,9
1,4492055,C-T,237,9
1,139869,C-T,238,9
1,310713,C-T,238,9
1,561200,C-T,238,9
1,860093,C-T,238,9
1,862023,C-T,238,9
1,1312288,C-T,238,9
1,1334627,C-T,238,9
1,1603427,C-T,238,9
1,1818975,G-A,238,9
1,1844614,C-T,238,9
1,2272466,G-A,238,9
1,2716404,G-A,238,9
1,3050030,G-A,238,9
1,3339445,G-A,238,9
1,3384239,C-T,238,9
1,3423930,G-A,238,9
1,3558450,G-A,238,9
1,3766723,G-A,238,9
1,4031674,C-T,238,9
1,4492055,C-T,238,9
1,4576221,G-A,238,9
1,51287,C-T,238,9
1,1265,C-T,23,7
1,343537,C-T,23,7
1,1477723,C-T,23,7
1,1492446,C-T,23,7
1,1896986,C-T,23,7
1,2505448,G-A,23,7
1,2883384,C-T,23,7
1,3047564,G-A,23,7
1,3139565,C-T,23,7
1,3165447,G-A,23,7
1,3384239,C-T,23,7
1,4492055,C-T,23,7
1,36287,G-A,23,7
1,1517057,G-A,261,2
1,3628113,C-T,264,4
1,432914,C-T,26,9
1,485360,C-T,26,9
1,1086030,G-A,26,9
1,1463287,G-A,26,9
1,1844614,C-T,26,9
1,2045903,C-T,26,9
1,2710731,G-A,26,9
1,2716404,G-A,26,9
1,3047564,G-A,26,9
1,3262943,G-A,26,9
1,3384239,C-T,26,9
1,302519,G-A,288,7
1,343537,C-T,288,7
1,602565,G-A,288,7
1,1215894,C-T,288,7
1,1477723,C-T,288,7
1,1492446,C-T,288,7
1,1699868,G-A,288,7
1,1844614,C-T,288,7
1,1896986,C-T,288,7
1,2111578,G-A,288,7
1,2505448,G-A,288,7
1,2716404,G-A,288,7
1,3047564,G-A,288,7
1,3139565,C-T,288,7
1,3165447,G-A,288,7
1,3384239,C-T,288,7
1,3937645,C-T,288,7
1,4623614,G-A,288,7
1,1276129,G-A,289,7
1,1324416,C-T,289,7
1,2468757,G-A,289,7
1,3060054,G-A,289,7
1,3790211,G-A,289,7
1,3047564,G-A,28,9
1,3262943,G-A,28,9
1,3384239,C-T,28,9
1,4583686,C-T,28,9
1,1265,C-T,290,7
1,343537,C-T,290,7
1,602565,G-A,290,7
1,1215894,C-T,290,7
1,1699868,G-A,290,7
1,1844614,C-T,290,7
1,1896986,C-T,290,7
1,2477390,G-A,290,7
1,2505448,G-A,290,7
1,2716404,G-A,290,7
1,3047564,G-A,290,7
1,3139565,C-T,290,7
1,4623614,G-A,290,7
1,36287,G-A,290,7
1,1640942,G-A,291,7
1,1638234,G-A,292,7
1,1652166,G-A,292,7
1,1668608,G-A,292,7
1,3501637,G-A,292,7
1,4492055,C-T,292,7
1,343537,C-T,294,7
1,1180067,C-T,294,7
1,1945617,G-A,294,7
1,2464928,C-T,294,7
1,2716404,G-A,294,7
1,2988114,G-A,294,7
1,3166724,C-T,294,7
1,3437062,G-A,294,7
1,3508245,C-T,294,7
1,3765942,G-A,294,7
1,309645,C-T,295,7
1,343537,C-T,295,7
1,379487,G-A,295,7
1,402621,C-T,295,7
1,601920,C-T,295,7
1,1276129,G-A,295,7
1,2468757,G-A,295,7
1,2716404,G-A,295,7
1,2823020,C-T,295,7
1,3384239,C-T,295,7
1,3631790,G-A,295,7
1,3790211,G-A,295,7
1,4492055,C-T,295,7
1,331232,C-T,296,7
1,343537,C-T,296,7
1,1063274,C-T,296,7
1,1064422,C-T,296,7
1,1770507,G-A,296,7
1,1844614,C-T,296,7
1,3262943,G-A,296,7
1,4562485,G-A,296,7
1,310713,C-T,298,7
1,335743,C-T,298,7
1,343537,C-T,298,7
1,815682,C-T,298,7
1,1272094,G-A,298,7
1,1334627,C-T,298,7
1,1603427,C-T,298,7
1,1739191,G-A,298,7
1,1844614,C-T,298,7
1,2007303,G-A,298,7
1,2241843,G-A,298,7
1,2259310,G-A,298,7
1,2701045,C-T,298,7
1,2716404,G-A,298,7
1,2883384,C-T,298,7
1,2898413,G-A,298,7
1,2902677,G-A,298,7
1,3047564,G-A,298,7
1,3050030,G-A,298,7
1,3262943,G-A,298,7
1,3384239,C-T,298,7
1,3743112,G-A,298,7
1,3766723,G-A,298,7
1,4492055,C-T,298,7
1,4576221,G-A,298,7
1,51287,C-T,298,7
1,69386,C-T,29,9
1,343537,C-T,29,9
1,1086030,G-A,29,9
1,1348843,C-T,29,9
1,1463287,G-A,29,9
1,1495060,G-A,29,9
1,1770253,G-A,29,9
1,1802032,G-A,29,9
1,1844614,C-T,29,9
1,2642615,C-T,29,9
1,2716404,G-A,29,9
1,2807289,G-A,29,9
1,3047564,G-A,29,9
1,4492055,C-T,29,9
1,335743,C-T,2,7
1,815682,C-T,2,7
1,1272094,G-A,2,7
1,1334627,C-T,2,7
1,1603427,C-T,2,7
1,1691734,C-T,2,7
1,1739191,G-A,2,7
1,1844614,C-T,2,7
1,1871112,C-T,2,7
1,2241843,G-A,2,7
1,2883384,C-T,2,7
1,2898413,G-A,2,7
1,2902677,G-A,2,7
1,3047564,G-A,2,7
1,3050030,G-A,2,7
1,3339445,G-A,2,7
1,3384239,C-T,2,7
1,3743112,G-A,2,7
1,3766723,G-A,2,7
1,3987796,G-A,2,7
1,4492055,C-T,2,7
1,51287,C-T,2,7
1,113981,C-T,300,7
1,135705,C-T,300,7
1,553245,G-A,300,7
1,608039,C-T,300,7
1,1638234,G-A,300,7
1,1652166,G-A,300,7
1,1668608,G-A,300,7
1,1922364,C-T,300,7
1,2309287,C-T,300,7
1,2509738,C-T,300,7
1,2716404,G-A,300,7
1,2767925,G-A,300,7
1,2776772,G-A,300,7
1,2883384,C-T,300,7
1,3047564,G-A,300,7
1,3262943,G-A,300,7
1,3384239,C-T,300,7
1,3501637,G-A,300,7
1,3985177,C-T,300,7
1,4492055,C-T,300,7
1,1844614,C-T,301,7
1,2716404,G-A,301,7
1,3262943,G-A,301,7
1,3384239,C-T,301,7
1,4492055,C-T,301,7
1,343537,C-T,303,7
1,310713,C-T,304,7
1,335743,C-T,304,7
1,343537,C-T,304,7
1,1272094,G-A,304,7
1,1603427,C-T,304,7
1,1691734,C-T,304,7
1,1739191,G-A,304,7
1,2007303,G-A,304,7
1,2128154,G-A,304,7
1,2241843,G-A,304,7
1,2259310,G-A,304,7
1,2701045,C-T,304,7
1,2716404,G-A,304,7
1,2883384,C-T,304,7
1,2898413,G-A,304,7
1,3339445,G-A,304,7
1,3743112,G-A,304,7
1,57144,C-T,305,7
1,343537,C-T,305,7
1,1844614,C-T,305,7
1,3187524,G-A,305,7
1,3384239,C-T,305,7
1,1640942,G-A,306,7
1,4401241,C-T,306,7
1,4492055,C-T,306,7
1,4597348,C-T,306,7
1,331232,C-T,307,7
1,1063274,C-T,307,7
1,1064422,C-T,307,7
1,1770507,G-A,307,7
1,1844614,C-T,307,7
1,2716404,G-A,307,7
1,2883384,C-T,307,7
1,3262943,G-A,307,7
1,4562485,G-A,307,7
1,1334627,C-T,308,7
1,1739191,G-A,308,7
1,2007303,G-A,308,7
1,2259310,G-A,308,7
1,2701045,C-T,308,7
1,2716404,G-A,308,7
1,2898413,G-A,308,7
1,2902677,G-A,308,7
1,3047564,G-A,308,7
1,3050030,G-A,308,7
1,3143429,C-T,308,7
1,3262943,G-A,308,7
1,3339445,G-A,308,7
1,3384239,C-T,308,7
1,3743112,G-A,308,7
1,3766723,G-A,308,7
1,3987796,G-A,308,7
1,51287,C-T,308,7
1,335743,C-T,309,7
1,815682,C-T,309,7
1,862023,C-T,309,7
1,1334627,C-T,309,7
1,1603427,C-T,309,7
1,1691734,C-T,309,7
1,1739191,G-A,309,7
1,1844614,C-T,309,7
1,2259310,G-A,309,7
1,2701045,C-T,309,7
1,2716404,G-A,309,7
1,2883384,C-T,309,7
1,2898413,G-A,309,7
1,2902677,G-A,309,7
1,3047564,G-A,309,7
1,3050030,G-A,309,7
1,3339445,G-A,309,7
1,3384239,C-T,309,7
1,3987796,G-A,309,7
1,4492055,C-T,309,7
1,343537,C-T,30,9
1,1871112,C-T,30,9
1,2716404,G-A,30,9
1,2883384,C-T,30,9
1,3047564,G-A,30,9
1,3262943,G-A,30,9
1,3384239,C-T,30,9
1,3441067,G-A,30,9
1,7211,G-A,30,9
1,1348843,C-T,313,9
1,2716404,G-A,314,9
1,2883384,C-T,314,9
1,3384239,C-T,314,9
1,4492055,C-T,314,9
1,4583686,C-T,314,9
1,1334627,C-T,315,9
1,3262943,G-A,315,9
1,3766723,G-A,315,9
1,4576221,G-A,315,9
1,51287,C-T,315,9
1,343537,C-T,316,9
1,432914,C-T,316,9
1,616400,C-T,316,9
1,1086030,G-A,316,9
1,1348843,C-T,316,9
1,1463287,G-A,316,9
1,1770253,G-A,316,9
1,1802032,G-A,316,9
1,1844614,C-T,316,9
1,2642615,C-T,316,9
1,2716404,G-A,316,9
1,2883384,C-T,316,9
1,3047564,G-A,316,9
1,3262943,G-A,316,9
1,3330752,C-T,316,9
1,3960773,C-T,316,9
1,343537,C-T,317,9
1,1157075,G-A,317,9
1,1844614,C-T,317,9
1,2716404,G-A,317,9
1,2995515,G-A,317,9
1,3047564,G-A,317,9
1,3262943,G-A,317,9
1,3286733,G-A,317,9
1,3384239,C-T,317,9
1,3441067,G-A,317,9
1,3777318,G-A,317,9
1,4492055,C-T,317,9
1,7211,G-A,317,9
1,2716404,G-A,318,9
1,3156057,G-A,318,9
1,3930026,C-T,319,9
1,3950656,G-A,319,9
1,4106107,C-T,319,9
1,44603,C-T,319,9
1,69386,C-T,31,9
1,233748,C-T,31,9
1,432914,C-T,31,9
1,1086030,G-A,31,9
1,1463287,G-A,31,9
1,1770253,G-A,31,9
1,1802032,G-A,31,9
1,1844614,C-T,31,9
1,2333548,G-A,31,9
1,2568103,G-A,31,9
1,2716404,G-A,31,9
1,2807289,G-A,31,9
1,3047564,G-A,31,9
1,3262943,G-A,31,9
1,3960773,C-T,31,9
1,4492055,C-T,31,9
1,69386,C-T,320,9
1,343537,C-T,320,9
1,432914,C-T,320,9
1,947434,C-T,320,9
1,1086030,G-A,320,9
1,1406902,G-A,320,9
1,1463287,G-A,320,9
1,1552640,C-T,320,9
1,1669752,C-T,320,9
1,1842872,G-A,320,9
1,1844614,C-T,320,9
1,1954444,G-A,320,9
1,2370262,C-T,320,9
1,2568103,G-A,320,9
1,2642615,C-T,320,9
1,2710731,G-A,320,9
1,2716404,G-A,320,9
1,2807289,G-A,320,9
1,2883384,C-T,320,9
1,2980477,G-A,320,9
1,3047564,G-A,320,9
1,3249510,C-T,320,9
1,3262943,G-A,320,9
1,3384239,C-T,320,9
1,3925760,G-A,320,9
1,3960773,C-T,320,9
1,4016882,G-A,320,9
1,4027425,C-T,320,9
1,4300526,G-A,320,9
1,4492055,C-T,320,9
1,860093,C-T,322,9
1,2007303,G-A,322,9
1,2166095,G-A,323,9
1,2807289,G-A,323,9
1,3047564,G-A,323,9
1,3384239,C-T,323,9
1,3998389,C-T,323,9
1,4492055,C-T,323,9
1,1071478,C-T,324,9
1,4492055,C-T,324,9
1,139869,C-T,326,9
1,310713,C-T,326,9
1,343537,C-T,326,9
1,862023,C-T,326,9
1,2007303,G-A,326,9
1,2716404,G-A,326,9
1,2883384,C-T,326,9
1,3047564,G-A,326,9
1,3050030,G-A,326,9
1,3143429,C-T,326,9
1,3384239,C-T,326,9
1,3766723,G-A,326,9
1,4492055,C-T,326,9
1,51287,C-T,326,9
1,343537,C-T,327,9
1,3047564,G-A,327,9
1,3262943,G-A,327,9
1,4492055,C-T,327,9
1,1555931,C-T,328,9
1,2883384,C-T,328,9
1,3163756,C-T,328,9
1,3262943,G-A,328,9
1,343537,C-T,330,9
1,2832185,C-T,330,9
1,4106107,C-T,330,9
1,4492055,C-T,330,9
1,2716404,G-A,331,9
1,3262943,G-A,331,9
1,4595331,G-A,331,9
1,7211,G-A,331,9
1,427483,C-T,332,9
1,947434,C-T,333,9
1,1463287,G-A,333,9
1,1552640,C-T,333,9
1,1669752,C-T,333,9
1,1842872,G-A,333,9
1,1844614,C-T,333,9
1,2883384,C-T,333,9
1,2980477,G-A,333,9
1,3249510,C-T,333,9
1,3262943,G-A,333,9
1,3925760,G-A,333,9
1,3960773,C-T,333,9
1,4016882,G-A,333,9
1,4027425,C-T,333,9
1,4300526,G-A,333,9
1,4492055,C-T,333,9
1,310713,C-T,33,9
1,343537,C-T,33,9
1,561200,C-T,33,9
1,860093,C-T,33,9
1,862023,C-T,33,9
1,1272094,G-A,33,9
1,1334627,C-T,33,9
1,1603427,C-T,33,9
1,1818975,G-A,33,9
1,1984365,G-A,33,9
1,2259310,G-A,33,9
1,2272466,G-A,33,9
1,2716404,G-A,33,9
1,3047564,G-A,33,9
1,3050030,G-A,33,9
1,3262943,G-A,33,9
1,3423930,G-A,33,9
1,3558450,G-A,33,9
1,3743112,G-A,33,9
1,3766723,G-A,33,9
1,4216753,G-A,33,9
1,4323020,C-T,33,9
1,4492055,C-T,33,9
1,4576221,G-A,33,9
1,4613837,C-T,33,9
0.922651768,101911,C-T,344,2
1,385617,C-T,34,9
1,1086030,G-A,34,9
1,1463287,G-A,34,9
1,1569003,C-T,34,9
1,1842872,G-A,34,9
1,1844614,C-T,34,9
1,1954444,G-A,34,9
1,2272106,G-A,34,9
1,2645710,C-T,34,9
1,2710731,G-A,34,9
1,2716404,G-A,34,9
1,2725883,G-A,34,9
1,2883384,C-T,34,9
1,3262943,G-A,34,9
1,3325511,C-T,34,9
1,3384239,C-T,34,9
1,3950656,G-A,34,9
1,4016882,G-A,34,9
1,4027425,C-T,34,9
1,4300526,G-A,34,9
1,44603,C-T,34,9
1,427483,C-T,35,9
1,1569003,C-T,35,9
1,2645710,C-T,35,9
1,2716404,G-A,35,9
1,2725883,G-A,35,9
1,2832185,C-T,35,9
1,3047564,G-A,35,9
1,3262943,G-A,35,9
1,3325511,C-T,35,9
1,3930026,C-T,35,9
1,3950656,G-A,35,9
1,4492055,C-T,35,9
1,44603,C-T,35,9
1,876442,G-A,368,4
1,149687,C-T,36,9
1,160030,G-A,36,9
1,308436,G-A,36,9
1,325402,G-A,36,9
1,343537,C-T,36,9
1,349922,C-T,36,9
1,887716,C-T,36,9
1,1002343,G-A,36,9
1,1030689,G-A,36,9
1,1150135,C-T,36,9
1,1590724,G-A,36,9
1,1714664,G-A,36,9
1,1883389,G-A,36,9
1,2086957,G-A,36,9
1,2478992,G-A,36,9
1,2748416,G-A,36,9
1,2848069,G-A,36,9
1,3047564,G-A,36,9
1,3309414,C-T,36,9
1,3384239,C-T,36,9
1,7211,G-A,36,9
1,101911,C-T,379,4
1,610390,G-A,37,9
1,759352,C-T,37,9
1,1157075,G-A,37,9
1,1550245,G-A,37,9
1,2464492,G-A,37,9
1,2492843,G-A,37,9
1,2716404,G-A,37,9
1,2730099,G-A,37,9
1,2883384,C-T,37,9
1,2995515,G-A,37,9
1,3047564,G-A,37,9
1,3286733,G-A,37,9
1,3381878,G-A,37,9
1,3384239,C-T,37,9
1,3545212,C-T,37,9
1,3777318,G-A,37,9
1,3928529,C-T,37,9
1,4060598,C-T,37,9
1,308436,G-A,38,9
1,325402,G-A,38,9
1,349922,C-T,38,9
1,1150135,C-T,38,9
1,1178144,G-A,38,9
1,1272023,C-T,38,9
1,1285224,C-T,38,9
1,1714664,G-A,38,9
1,2086957,G-A,38,9
1,2478992,G-A,38,9
1,2716404,G-A,38,9
1,2722249,C-T,38,9
1,2848069,G-A,38,9
1,3047564,G-A,38,9
1,3234383,G-A,38,9
1,3309414,C-T,38,9
1,4492055,C-T,38,9
1,7211,G-A,38,9
1,339752,G-A,39,9
1,343537,C-T,39,9
1,415365,C-T,39,9
1,418923,G-A,39,9
1,1171787,C-T,39,9
1,1237899,G-A,39,9
1,1844614,C-T,39,9
1,2080550,G-A,39,9
1,2716404,G-A,39,9
1,2734808,G-A,39,9
1,3262943,G-A,39,9
1,3267198,G-A,39,9
1,4057791,C-T,39,9
1,4446698,G-A,39,9
1,415365,C-T,40,9
1,418923,G-A,40,9
1,601332,C-T,40,9
1,1171787,C-T,40,9
1,1237899,G-A,40,9
1,1844614,C-T,40,9
1,2080550,G-A,40,9
1,2488288,G-A,40,9
1,2716404,G-A,40,9
1,2734808,G-A,40,9
1,2883384,C-T,40,9
1,3047564,G-A,40,9
1,3262943,G-A,40,9
1,3267198,G-A,40,9
1,3965146,C-T,40,9
1,4057791,C-T,40,9
1,4446698,G-A,40,9
1,4492055,C-T,40,9
1,121171,C-T,41,9
1,253468,C-T,41,9
1,343537,C-T,41,9
1,526169,C-T,41,9
1,610514,C-T,41,9
1,1844614,C-T,41,9
1,2716404,G-A,41,9
1,2845397,G-A,41,9
1,2883384,C-T,41,9
1,2915150,C-T,41,9
1,4492055,C-T,41,9
1,343537,C-T,43,9
1,561200,C-T,43,9
1,1334627,C-T,43,9
1,1603427,C-T,43,9
1,1984365,G-A,43,9
1,2259310,G-A,43,9
1,3047564,G-A,43,9
1,3050030,G-A,43,9
1,3156057,G-A,43,9
1,3262943,G-A,43,9
1,3423930,G-A,43,9
1,3558450,G-A,43,9
1,3743112,G-A,43,9
1,3766723,G-A,43,9
1,4031674,C-T,43,9
1,4216753,G-A,43,9
1,4323020,C-T,43,9
1,4576221,G-A,43,9
1,51287,C-T,43,9
1,438363,G-A,45,9
1,561200,C-T,45,9
1,860093,C-T,45,9
1,1334627,C-T,45,9
1,1603427,C-T,45,9
1,1818975,G-A,45,9
1,1984365,G-A,45,9
1,2007303,G-A,45,9
1,2259310,G-A,45,9
1,2272466,G-A,45,9
1,3047564,G-A,45,9
1,3050030,G-A,45,9
1,3339445,G-A,45,9
1,3384239,C-T,45,9
1,3743112,G-A,45,9
1,4031674,C-T,45,9
1,4216753,G-A,45,9
1,4323020,C-T,45,9
1,4576221,G-A,45,9
1,4613837,C-T,45,9
1,51287,C-T,45,9
1,343537,C-T,46,9
1,1086030,G-A,46,9
1,1463287,G-A,46,9
1,1844614,C-T,46,9
1,2166095,G-A,46,9
1,2807289,G-A,46,9
1,3262943,G-A,46,9
1,3384239,C-T,46,9
1,3998389,C-T,46,9
1,69386,C-T,47,9
1,343537,C-T,47,9
1,385617,C-T,47,9
1,432914,C-T,47,9
1,947434,C-T,47,9
1,1406902,G-A,47,9
1,1463287,G-A,47,9
1,1552640,C-T,47,9
1,1669752,C-T,47,9
1,1842872,G-A,47,9
1,1844614,C-T,47,9
1,1954444,G-A,47,9
1,2272106,G-A,47,9
1,2370262,C-T,47,9
1,2441475,G-A,47,9
1,2642615,C-T,47,9
1,2710731,G-A,47,9
1,2716404,G-A,47,9
1,2807289,G-A,47,9
1,3047564,G-A,47,9
1,3249510,C-T,47,9
1,3262943,G-A,47,9
1,3573164,G-A,47,9
1,4300526,G-A,47,9
1,4492055,C-T,47,9
1,779784,C-T,4,7
1,1236057,C-T,4,7
1,2716404,G-A,4,7
1,3276779,G-A,4,7
1,4058358,C-T,4,7
1,4574308,C-T,4,7
1,2045903,C-T,55,2
1,3628113,C-T,56,2
1,1236057,C-T,5,7
1,4058358,C-T,5,7
1,862023,C-T,8,7
1,1334627,C-T,8,7
1,1603427,C-T,8,7
1,1739191,G-A,8,7
1,2007303,G-A,8,7
1,2259310,G-A,8,7
1,2716404,G-A,8,7
1,2898413,G-A,8,7
1,2902677,G-A,8,7
1,3047564,G-A,8,7
1,3050030,G-A,8,7
1,3143429,C-T,8,7
1,3384239,C-T,8,7
1,3743112,G-A,8,7
1,3766723,G-A,8,7
1,139869,C-T,98,7
1,1272094,G-A,98,7
1,1844614,C-T,98,7
1,3743112,G-A,98,7
1,3766723,G-A,98,7
1,3987796,G-A,98,7
1,1265,C-T,99,7
1,302519,G-A,99,7
1,343537,C-T,99,7
1,602565,G-A,99,7
1,1215894,C-T,99,7
1,1844614,C-T,99,7
1,1896986,C-T,99,7
1,2111578,G-A,99,7
1,2477390,G-A,99,7
1,2505448,G-A,99,7
1,2716404,G-A,99,7
1,2883384,C-T,99,7
1,3139565,C-T,99,7
1,3165447,G-A,99,7
1,3937645,C-T,99,7
1,4492055,C-T,99,7
1,4623614,G-A,99,7
1,36287,G-A,99,7
1,335743,C-T,9,7
1,343537,C-T,9,7
1,815682,C-T,9,7
1,862023,C-T,9,7
1,1272094,G-A,9,7
1,1334627,C-T,9,7
1,1691734,C-T,9,7
1,1739191,G-A,9,7
1,1844614,C-T,9,7
1,2007303,G-A,9,7
1,2128154,G-A,9,7
1,2241843,G-A,9,7
1,2701045,C-T,9,7
1,2716404,G-A,9,7
1,2883384,C-T,9,7
1,2898413,G-A,9,7
1,2902677,G-A,9,7
1,3047564,G-A,9,7
1,3050030,G-A,9,7
1,3143429,C-T,9,7
1,3262943,G-A,9,7
1,3384239,C-T,9,7
1,3743112,G-A,9,7
1,3987796,G-A,9,7
1,4492055,C-T,9,7
1,411602,T-G,100,7
1,1599631,T-C,100,7
1,3677193,T-C,100,7
1,3944830,G-C,100,7
1,3944859,G-T,100,7
1,3944878,T-C,100,7
1,3944884,T-C,100,7
1,3944886,A-G,100,7
1,3944890,C-G,100,7
1,3944899,G-T,100,7
1,3944902,G-T,100,7
1,3944905,T-A,100,7
1,3944910,A-C,100,7
1,3944932,C-A,100,7
1,3944941,T-A,100,7
1,3944944,C-A,100,7
1,3944950,T-C,100,7
1,3944956,G-C,100,7
1,3944962,A-T,100,7
1,3944972,T-C,100,7
1,3944974,G-T,100,7
1,3944977,G-T,100,7
1,3944986,A-T,100,7
1,3945019,A-C,100,7
1,3945031,A-C,100,7
1,3945034,T-C,100,7
1,3945037,T-G,100,7
1,3945040,G-T,100,7
1,875155,T-C,101,7
1,1803508,T-C,101,7
1,4008285,A-G,101,7
1,4435998,C-A,101,7
1,103156,A-G,102,7
1,411602,T-G,102,7
1,2275877,A-G,102,7
1,2874841,T-C,102,7
1,4616977,A-G,102,7
1,275494,A-G,103,7
1,1029231,A-G,103,7
1,1558153,T-C,103,7
1,69611,A-G,106,7
1,411602,T-G,106,7
1,430368,A-G,106,7
1,463796,G-C,106,7
1,468232,A-G,106,7
1,637128,A-G,106,7
1,726459,G-C,106,7
1,1464310,A-G,106,7
1,1768197,T-C,106,7
1,1785634,T-C,106,7
1,2246741,A-G,106,7
1,2737632,T-C,106,7
1,2861541,T-C,106,7
1,2874841,T-C,106,7
1,2907576,T-C,106,7
1,2997838,T-C,106,7
1,3373040,T-C,106,7
1,3374410,A-G,106,7
1,3550388,T-C,106,7
1,4008285,A-G,106,7
1,4130314,T-C,106,7
1,346508,A-G,107,7
1,411602,T-G,107,7
1,726459,G-C,107,7
1,1492675,A-G,107,7
1,1630544,A-G,107,7
1,2275877,A-G,107,7
1,2431165,G-T,107,7
1,2846389,T-C,107,7
1,3196617,T-C,107,7
1,4008285,A-G,107,7
1,4496820,G-T,107,7
1,4525866,A-T,107,7
1,4532526,A-G,107,7
1,4580908,A-G,107,7
1,4630322,A-G,107,7
1,411602,T-G,10,7
1,275494,A-G,111,7
1,411602,T-G,112,7
1,567065,A-G,112,7
1,628654,A-G,112,7
1,726459,G-C,112,7
1,1183932,A-G,112,7
1,2275877,A-G,112,7
1,2811472,C-G,112,7
1,3202867,T-C,112,7
1,3550388,T-C,112,7
1,3582111,T-C,112,7
1,3584589,T-C,112,7
1,3749441,T-C,112,7
1,3938351,T-C,112,7
1,4540629,T-C,112,7
1,1599631,T-C,114,7
1,2275877,A-G,114,7
1,2387433,C-A,114,7
1,2937538,T-C,114,7
1,3240802,T-C,114,7
1,3550388,T-C,114,7
1,3677193,T-C,114,7
1,3749441,T-C,114,7
1,4008285,A-G,114,7
1,122825,A-G,116,7
1,171582,A-G,116,7
1,581479,T-C,116,7
1,1431455,T-A,116,7
1,2275877,A-G,116,7
1,2442416,T-C,116,7
1,2633305,T-C,116,7
1,2645419,A-G,116,7
1,2925803,A-G,116,7
1,3219829,T-C,116,7
1,3236585,T-C,116,7
1,4008285,A-G,116,7
1,4108138,A-G,116,7
1,4586807,A-C,116,7
1,2963,T-C,116,7
1,551093,T-A,11,7
1,1496493,T-C,11,7
1,2991841,T-C,11,7
1,85581,G-T,122,9
1,217459,A-G,122,9
1,237700,A-G,122,9
1,356098,A-G,122,9
1,411602,T-G,122,9
1,513160,A-G,122,9
1,1356866,T-C,122,9
1,1820341,T-C,122,9
1,1900518,A-G,122,9
1,2275877,A-G,122,9
1,2284631,T-C,122,9
1,2389942,G-C,122,9
1,2933709,T-C,122,9
1,4008285,A-G,122,9
1,4244216,A-G,122,9
1,1503291,T-C,123,9
1,2068091,T-C,123,9
1,2107882,G-C,123,9
1,145736,A-G,127,9
1,157190,T-C,127,9
1,346508,A-G,127,9
1,411602,T-G,127,9
1,467920,A-G,127,9
1,560312,T-C,127,9
1,1784699,A-G,127,9
1,2246058,T-C,127,9
1,2275877,A-G,127,9
1,2864512,T-C,127,9
1,2992297,T-C,127,9
1,3323747,T-C,127,9
1,3390578,A-G,127,9
1,3550388,T-C,127,9
1,3552114,A-G,127,9
1,4376931,T-C,127,9
1,2992297,T-C,128,9
1,3323747,T-C,128,9
1,3496202,G-C,128,9
1,3550388,T-C,128,9
1,3552114,A-G,128,9
1,3793377,A-T,128,9
1,217714,A-G,12,7
1,275494,A-G,12,7
1,411602,T-G,12,7
1,726459,G-C,12,7
1,1029231,A-G,12,7
1,1092438,A-G,12,7
1,1419634,T-C,12,7
1,1558153,T-C,12,7
1,1605405,T-C,12,7
1,1642455,T-C,12,7
1,2275877,A-G,12,7
1,2633305,T-C,12,7
1,3045894,G-C,12,7
1,3442971,T-C,12,7
1,3846253,A-G,12,7
1,3935307,T-C,12,7
1,4008285,A-G,12,7
1,4063822,A-G,12,7
1,4365927,C-G,12,7
1,4443856,A-G,12,7
1,4527820,G-C,12,7
1,104718,A-G,130,9
1,350293,T-C,130,9
1,404797,T-C,130,9
1,411602,T-G,130,9
1,881692,A-G,130,9
1,1011897,A-G,130,9
1,1173776,A-G,130,9
1,1267390,A-G,130,9
1,1273129,A-G,130,9
1,1279044,T-C,130,9
1,1572981,T-C,130,9
1,2275877,A-G,130,9
1,2474038,T-C,130,9
1,2633305,T-C,130,9
1,2874841,T-C,130,9
1,2887109,T-C,130,9
1,3165870,A-G,130,9
1,3232165,T-C,130,9
1,3388202,T-C,130,9
1,3388298,T-C,130,9
1,3896161,T-C,130,9
1,4008285,A-G,130,9
1,4452592,A-G,130,9
1,4470473,A-G,130,9
1,70246,C-G,131,9
1,411359,T-C,131,9
1,411602,T-G,131,9
1,687853,A-G,131,9
1,720136,A-G,131,9
1,726459,G-C,131,9
1,777463,A-G,131,9
1,1187170,G-T,131,9
1,1502679,T-C,131,9
1,1633806,T-C,131,9
1,1784699,A-G,131,9
1,2246058,T-C,131,9
1,2275877,A-G,131,9
1,3240563,A-G,131,9
1,3390578,A-G,131,9
1,3550388,T-C,131,9
1,3552114,A-G,131,9
1,4008285,A-G,131,9
1,29027,T-G,132,9
1,70246,C-G,132,9
1,145736,A-G,132,9
1,1525396,T-C,132,9
1,1719415,A-G,132,9
1,1752308,T-C,132,9
1,373035,A-G,133,9
1,411602,T-G,133,9
1,456695,T-C,133,9
1,647260,A-G,133,9
1,726459,G-C,133,9
1,1115354,A-G,133,9
1,1375547,A-G,133,9
1,1536919,A-G,133,9
1,1744122,A-G,133,9
1,2275877,A-G,133,9
1,2615964,T-C,133,9
1,2633305,T-C,133,9
1,2703826,T-C,133,9
1,2997694,T-C,133,9
1,3060918,T-C,133,9
1,3238775,T-C,133,9
1,3550388,T-C,133,9
1,3861716,T-C,133,9
1,4008285,A-G,133,9
1,4389886,T-G,133,9
1,4542817,T-C,133,9
1,4654017,A-G,133,9
1,70246,C-G,134,9
1,411602,T-G,134,9
1,953087,A-G,134,9
1,1103332,A-G,134,9
1,1279215,A-G,134,9
1,1280053,T-C,134,9
1,1939251,A-G,134,9
1,2028076,G-C,134,9
1,2275877,A-G,134,9
1,2992297,T-C,134,9
1,3019932,T-C,134,9
1,4008285,A-G,134,9
1,4427080,G-C,134,9
1,4444535,T-C,134,9
1,181055,A-G,135,9
1,409909,A-G,135,9
1,411602,T-G,135,9
1,441667,A-G,135,9
1,1164409,T-C,135,9
1,1598971,T-C,135,9
1,1853989,T-C,135,9
1,2874841,T-C,135,9
1,3304338,T-C,135,9
1,556136,A-G,136,9
1,687853,A-G,136,9
1,726459,G-C,136,9
1,1484564,T-C,136,9
1,1525396,T-C,136,9
1,1556298,A-G,136,9
1,2028076,G-C,136,9
1,2246058,T-C,136,9
1,2275877,A-G,136,9
1,2370153,T-C,136,9
1,2633305,T-C,136,9
1,2874841,T-C,136,9
1,2992297,T-C,136,9
1,3301061,G-T,136,9
1,3468151,A-G,136,9
1,4376931,T-C,136,9
1,350293,T-C,137,9
1,3659003,C-A,137,9
1,4008285,A-G,137,9
1,4679560,A-G,137,9
1,145736,A-G,138,9
1,157190,T-C,138,9
1,467920,A-G,138,9
1,1280053,T-C,138,9
1,1541081,A-G,138,9
1,1752308,T-C,138,9
1,1784699,A-G,138,9
1,2110500,A-G,138,9
1,3240563,A-G,138,9
1,3760641,T-C,138,9
1,145736,A-G,13,7
1,411602,T-G,13,7
1,467920,A-G,13,7
1,726459,G-C,13,7
1,1492675,A-G,13,7
1,1630544,A-G,13,7
1,2275877,A-G,13,7
1,2486198,T-C,13,7
1,2846389,T-C,13,7
1,2947450,A-T,13,7
1,3550388,T-C,13,7
1,4008285,A-G,13,7
1,4475078,A-G,13,7
1,4630322,A-G,13,7
1,34492,T-C,141,9
1,373035,A-G,141,9
1,411602,T-G,141,9
1,647260,A-G,141,9
1,726459,G-C,141,9
1,1375547,A-G,141,9
1,1744122,A-G,141,9
1,2874841,T-C,141,9
1,2997694,T-C,141,9
1,3238775,T-C,141,9
1,3246941,C-A,141,9
1,3550388,T-C,141,9
1,3861716,T-C,141,9
1,4008285,A-G,141,9
1,4389886,T-G,141,9
1,141859,T-C,142,9
1,144955,G-C,142,9
1,266953,A-G,142,9
1,314327,T-C,142,9
1,373035,A-G,142,9
1,411602,T-G,142,9
1,456695,T-C,142,9
1,647260,A-G,142,9
1,726459,G-C,142,9
1,921891,T-C,142,9
1,1115354,A-G,142,9
1,1375547,A-G,142,9
1,1536919,A-G,142,9
1,1744122,A-G,142,9
1,2275877,A-G,142,9
1,2410161,A-G,142,9
1,2569154,T-C,142,9
1,2615964,T-C,142,9
1,2633305,T-C,142,9
1,2703826,T-C,142,9
1,2784615,T-A,142,9
1,2874841,T-C,142,9
1,2997694,T-C,142,9
1,3238775,T-C,142,9
1,3550388,T-C,142,9
1,3861716,T-C,142,9
1,4008285,A-G,142,9
1,4389886,T-G,142,9
1,4542817,T-C,142,9
1,4654017,A-G,142,9
1,85618,A-C,143,9
1,391339,C-A,143,9
1,411602,T-G,143,9
1,455045,A-G,143,9
1,958420,A-G,143,9
1,2275877,A-G,143,9
1,2874841,T-C,143,9
1,2891200,G-C,143,9
1,3915959,C-G,143,9
1,3969136,A-G,143,9
1,4008285,A-G,143,9
1,4134649,T-A,143,9
1,4565815,G-C,143,9
1,4592228,A-G,143,9
1,4654017,A-G,143,9
1,4345439,C-G,147,2
1,558650,C-A,148,2
1,2821509,G-C,148,2
1,726459,G-C,14,7
1,1280053,T-C,14,7
1,1492675,A-G,14,7
1,2846389,T-C,14,7
1,4008285,A-G,14,7
1,4630322,A-G,14,7
1,411602,T-G,152,2
1,411602,T-G,154,2
1,1388220,C-A,154,2
1,3151699,C-A,154,2
1,411602,T-G,156,2
1,1161818,T-C,156,2
1,411602,T-G,157,2
1,411602,T-G,158,2
1,1939010,C-A,158,2
1,127066,G-C,159,2
1,411602,T-G,159,2
1,978826,C-G,159,2
1,978828,C-G,159,2
1,978830,A-C,159,2
1,3537783,A-G,159,2
1,4107179,C-A,159,2
1,4135001,C-G,159,2
1,2633305,T-C,15,7
1,2799498,C-A,160,2
1,2799503,T-G,160,2
1,2799566,C-G,160,2
1,411602,T-G,161,2
1,1103139,A-T,161,2
1,363280,C-G,162,2
1,912717,G-C,162,2
1,1917341,T-C,162,2
1,2507578,A-G,162,2
1,4114677,C-A,162,2
1,411602,T-G,164,2
1,743260,T-C,164,2
1,1188934,T-C,164,2
1,411602,T-G,165,2
1,2246646,G-T,165,2
1,411602,T-G,166,2
1,2240463,C-G,166,2
1,411602,T-G,167,2
1,1631969,T-C,167,2
1,1950768,T-C,167,2
1,2034169,C-G,167,2
1,2834020,T-C,167,2
1,3640636,A-G,167,2
1,235951,A-G,16,7
1,562278,T-C,16,7
1,726459,G-C,16,7
1,1837401,C-G,16,7
1,2275877,A-G,16,7
1,2499073,C-A,16,7
1,2865438,T-C,16,7
1,2874841,T-C,16,7
1,3777877,G-T,16,7
1,4008285,A-G,16,7
1,4489487,T-C,16,7
1,4518201,G-T,16,7
1,1183476,A-G,171,4
1,2289482,G-C,171,4
1,3636518,G-T,171,4
1,270804,C-G,172,4
1,270854,T-C,172,4
1,270866,G-C,172,4
1,270893,A-G,172,4
1,270911,T-C,172,4
1,270944,T-C,172,4
1,270947,G-C,172,4
1,270959,G-T,172,4
1,270965,T-C,172,4
1,270977,T-G,172,4
1,271010,A-G,172,4
1,271013,G-C,172,4
1,271019,G-C,172,4
1,271022,C-A,172,4
1,271055,T-C,172,4
1,271058,C-G,172,4
1,271064,T-C,172,4
1,271082,T-C,172,4
1,271088,T-C,172,4
1,271091,T-G,172,4
1,271094,T-C,172,4
1,271106,G-T,172,4
1,271109,T-C,172,4
1,271118,T-C,172,4
1,271133,A-G,172,4
1,271163,A-G,172,4
1,271166,T-A,172,4
1,271190,T-G,172,4
1,3077784,T-A,173,4
1,411602,T-G,175,4
1,1084164,G-C,175,4
0.973555565,2174887,T-A,175,4
1,3482867,A-G,175,4
1,497331,C-G,176,4
1,411602,T-G,178,4
1,653309,G-C,178,4
1,1145508,C-G,178,4
1,3275649,A-G,178,4
1,3403090,C-A,178,4
1,3445912,G-T,178,4
1,2857192,T-C,179,4
1,245575,C-G,181,4
1,411602,T-G,181,4
1,2276606,T-C,181,4
1,2471299,T-C,181,4
1,2686594,T-G,181,4
1,411602,T-G,182,4
1,640422,T-C,182,4
1,1079562,T-A,182,4
1,3265239,A-G,182,4
1,562711,G-C,183,4
1,1919003,C-A,183,4
1,411602,T-G,184,4
1,4012754,C-A,184,4
1,4143021,G-C,184,4
1,411602,T-G,185,4
1,1199090,T-A,185,4
1,1362258,A-G,185,4
1,3531937,T-C,185,4
1,834112,A-G,188,4
1,1104846,A-T,188,4
1,1118042,C-A,188,4
1,3384070,T-A,188,4
1,94365,T-C,189,4
1,411602,T-G,189,4
1,3178778,T-C,189,4
1,3365728,G-C,189,4
1,4443856,A-G,18,7
1,4449967,G-T,18,7
1,35415,A-G,18,7
1,4049553,G-C,190,4
1,776859,C-A,191,4
1,69611,A-G,194,7
1,110731,A-G,194,7
1,110777,G-T,194,7
1,110789,G-C,194,7
1,110795,T-A,194,7
1,110801,C-A,194,7
1,454737,A-G,194,7
1,454752,G-C,194,7
1,454755,G-C,194,7
1,454798,A-T,194,7
1,454803,A-G,194,7
1,454806,T-G,194,7
1,454812,T-C,194,7
1,454815,C-G,194,7
1,454821,G-C,194,7
1,454827,A-G,194,7
1,454839,T-C,194,7
1,454848,G-C,194,7
1,454878,A-G,194,7
1,454908,T-C,194,7
1,454947,T-G,194,7
1,454959,A-G,194,7
1,454962,A-G,194,7
1,454977,A-G,194,7
1,454983,A-G,194,7
1,455001,C-G,194,7
1,455004,G-C,194,7
1,455010,A-G,194,7
1,455016,G-C,194,7
1,1090628,G-T,194,7
1,1090650,G-C,194,7
1,1090652,T-A,194,7
1,1183164,A-G,194,7
1,1464310,A-G,194,7
1,1901194,T-C,194,7
1,2737632,T-C,194,7
1,2832441,T-C,194,7
1,2907576,T-C,194,7
1,3481840,C-A,194,7
1,3481846,A-C,194,7
1,3481888,A-G,194,7
1,3481891,C-A,194,7
1,3481921,G-T,194,7
1,3481933,T-C,194,7
1,3481945,C-A,194,7
1,3481969,T-C,194,7
1,3481972,C-A,194,7
1,4008285,A-G,194,7
1,30830,A-G,195,7
1,411602,T-G,195,7
1,2275877,A-G,195,7
1,3550388,T-C,195,7
1,4008285,A-G,195,7
1,411602,T-G,196,7
1,459290,G-T,196,7
1,523043,C-G,196,7
1,567065,A-G,196,7
1,594848,A-G,196,7
1,628654,A-G,196,7
1,819950,A-G,196,7
1,1183932,A-G,196,7
1,2275877,A-G,196,7
1,2557444,T-C,196,7
1,2633305,T-C,196,7
1,2811472,C-G,196,7
1,2874841,T-C,196,7
1,3550388,T-C,196,7
1,3584589,T-C,196,7
1,3749441,T-C,196,7
1,3938351,T-C,196,7
1,4008285,A-G,196,7
0.923038006,4037659,T-A,196,7
1,411602,T-G,197,7
1,463402,T-C,197,7
1,851945,A-G,197,7
1,1029231,A-G,197,7
1,1092438,A-G,197,7
1,1131565,A-G,197,7
1,1419634,T-C,197,7
1,1801106,C-G,197,7
1,2275877,A-G,197,7
1,2557444,T-C,197,7
1,2633305,T-C,197,7
1,2740592,T-C,197,7
1,2874841,T-C,197,7
1,3007913,A-T,197,7
1,3550388,T-C,197,7
1,3554078,T-C,197,7
1,3846253,A-G,197,7
1,3935307,T-C,197,7
1,4008285,A-G,197,7
1,4443856,A-G,197,7
1,4509624,T-C,197,7
1,217714,A-G,198,7
1,323338,A-G,198,7
1,326090,A-G,198,7
1,411602,T-G,198,7
1,639559,T-C,198,7
1,641296,A-G,198,7
1,716320,A-G,198,7
1,726459,G-C,198,7
1,840309,A-G,198,7
1,1234830,A-G,198,7
1,1536938,A-G,198,7
1,2201378,T-C,198,7
1,2247375,T-C,198,7
1,2275877,A-G,198,7
1,2338543,A-G,198,7
1,2403602,T-C,198,7
1,2602729,T-C,198,7
1,2633305,T-C,198,7
1,2874841,T-C,198,7
1,3030709,T-C,198,7
1,3114765,T-C,198,7
1,3173920,T-C,198,7
1,3334088,T-C,198,7
1,3342896,T-C,198,7
1,3455515,T-C,198,7
1,3550388,T-C,198,7
1,4008285,A-G,198,7
1,4296764,A-G,198,7
1,4443856,A-G,198,7
1,4619249,A-G,198,7
0.97015667,54845,A-T,199,7
1,122825,A-G,199,7
1,171582,A-G,199,7
1,581479,T-C,199,7
1,629601,A-G,199,7
1,726459,G-C,199,7
1,981792,C-A,199,7
1,1915894,A-T,199,7
1,2275877,A-G,199,7
1,2442416,T-C,199,7
1,2506968,T-C,199,7
1,2633305,T-C,199,7
1,2645419,A-G,199,7
1,3550388,T-C,199,7
1,4008285,A-G,199,7
1,55303,T-C,19,7
1,62831,A-T,19,7
1,217714,A-G,19,7
1,411602,T-G,19,7
1,515390,A-G,19,7
1,1131565,A-G,19,7
1,1419634,T-C,19,7
1,1642455,T-C,19,7
1,1855706,T-C,19,7
1,1972077,A-G,19,7
1,2054524,T-C,19,7
0.907624245,2166886,T-A,19,7
1,2479124,A-G,19,7
1,2740592,T-C,19,7
1,2994080,C-A,19,7
1,3349326,G-T,19,7
1,3935307,T-C,19,7
1,4008285,A-G,19,7
1,4033988,C-A,19,7
1,4443856,A-G,19,7
1,145736,A-G,200,7
1,346508,A-G,200,7
1,411602,T-G,200,7
1,467920,A-G,200,7
1,648489,T-C,200,7
1,726459,G-C,200,7
1,1177160,T-C,200,7
1,1280053,T-C,200,7
1,1407564,T-C,200,7
1,1492675,A-G,200,7
1,1525396,T-C,200,7
1,1630544,A-G,200,7
1,2110500,A-G,200,7
1,2486198,T-C,200,7
1,2631925,T-C,200,7
1,2633305,T-C,200,7
1,2846389,T-C,200,7
1,2874841,T-C,200,7
1,2882783,T-C,200,7
1,2948110,T-C,200,7
1,3196617,T-C,200,7
1,3323747,T-C,200,7
1,3550388,T-C,200,7
1,4475078,A-G,200,7
1,4580908,A-G,200,7
1,4630322,A-G,200,7
1,3576110,A-G,201,7
1,3617468,A-G,201,7
1,4443856,A-G,201,7
1,4516067,G-C,201,7
1,4649338,T-C,201,7
1,411602,T-G,202,7
1,567065,A-G,202,7
1,628654,A-G,202,7
1,726459,G-C,202,7
1,819950,A-G,202,7
1,955061,T-C,202,7
1,1028855,C-G,202,7
1,2275877,A-G,202,7
1,2305241,T-C,202,7
1,2472801,T-A,202,7
1,2874841,T-C,202,7
1,3202867,T-C,202,7
1,3550388,T-C,202,7
1,3572597,A-T,202,7
1,3584589,T-C,202,7
1,3749441,T-C,202,7
1,3938351,T-C,202,7
1,4008285,A-G,202,7
1,4372375,G-C,202,7
1,4524692,A-G,202,7
1,411602,T-G,203,7
1,643507,G-C,203,7
1,726459,G-C,203,7
1,981353,A-G,203,7
1,1064143,A-G,203,7
1,1137688,A-G,203,7
1,1599631,T-C,203,7
1,2275877,A-G,203,7
1,2633305,T-C,203,7
1,2715215,T-C,203,7
1,2764317,T-C,203,7
1,2874841,T-C,203,7
1,3550388,T-C,203,7
1,3677193,T-C,203,7
1,3749441,T-C,203,7
1,3751343,T-C,203,7
1,4008285,A-G,203,7
1,4348562,T-C,203,7
1,131316,A-G,204,7
1,145736,A-G,204,7
1,258289,G-C,204,7
1,281719,T-C,204,7
1,325439,A-G,204,7
1,339927,G-C,204,7
1,346508,A-G,204,7
1,411602,T-G,204,7
1,467920,A-G,204,7
1,726459,G-C,204,7
1,3323747,T-C,204,7
1,3498620,G-T,204,7
1,3550388,T-C,204,7
1,3645772,A-G,204,7
1,4008285,A-G,204,7
1,4364315,A-G,204,7
1,4396169,T-C,204,7
1,4627602,C-G,204,7
1,171582,A-G,205,7
1,581479,T-C,205,7
1,589377,A-G,205,7
1,2275877,A-G,205,7
1,3414612,A-G,205,7
1,4008285,A-G,205,7
1,4098953,A-G,205,7
1,4362775,C-G,205,7
1,4363611,C-G,205,7
1,4443856,A-G,205,7
1,1092438,A-G,206,7
1,1131565,A-G,206,7
1,1646531,A-G,206,7
1,2044343,A-G,206,7
1,2633305,T-C,206,7
1,3550388,T-C,206,7
1,3665269,T-C,206,7
1,4008285,A-G,206,7
1,4341202,A-G,206,7
1,4443856,A-G,206,7
1,4495473,A-G,206,7
1,467920,A-G,208,7
1,537147,T-C,208,7
1,1280053,T-C,208,7
1,1407564,T-C,208,7
1,1445049,G-T,208,7
1,1492675,A-G,208,7
1,1525396,T-C,208,7
1,1645269,A-G,208,7
1,2110500,A-G,208,7
1,2187576,T-C,208,7
1,2275877,A-G,208,7
1,2633305,T-C,208,7
1,2846389,T-C,208,7
1,2874841,T-C,208,7
1,2882783,T-C,208,7
1,3196617,T-C,208,7
1,3550388,T-C,208,7
1,4008285,A-G,208,7
1,4173466,A-G,208,7
1,4475078,A-G,208,7
1,4580908,A-G,208,7
1,275494,A-G,209,7
1,411602,T-G,209,7
1,726459,G-C,209,7
1,851945,A-G,209,7
1,1029231,A-G,209,7
1,1092438,A-G,209,7
1,1131565,A-G,209,7
1,1419634,T-C,209,7
1,1558153,T-C,209,7
1,1642455,T-C,209,7
1,2145446,C-G,209,7
1,2275877,A-G,209,7
1,2579045,T-C,209,7
1,2633305,T-C,209,7
1,2740592,T-C,209,7
1,2874841,T-C,209,7
1,3550388,T-C,209,7
1,3554078,T-C,209,7
1,3846253,A-G,209,7
1,3935307,T-C,209,7
1,4008285,A-G,209,7
1,4063822,A-G,209,7
1,4443856,A-G,209,7
1,4509624,T-C,209,7
1,145736,A-G,20,7
1,346508,A-G,20,7
1,411602,T-G,20,7
1,467920,A-G,20,7
1,726459,G-C,20,7
1,1280053,T-C,20,7
1,1525396,T-C,20,7
1,1630544,A-G,20,7
1,1985118,C-G,20,7
1,2054278,T-C,20,7
1,2187576,T-C,20,7
1,2486198,T-C,20,7
1,2548265,C-G,20,7
1,2874841,T-C,20,7
1,2882783,T-C,20,7
1,3916759,T-C,20,7
1,4021947,A-G,20,7
1,4187235,C-G,20,7
1,4475078,A-G,20,7
1,4630322,A-G,20,7
1,346508,A-G,210,7
1,411602,T-G,210,7
1,467920,A-G,210,7
1,726459,G-C,210,7
1,1280053,T-C,210,7
1,1492675,A-G,210,7
1,1525396,T-C,210,7
1,1630544,A-G,210,7
1,2187576,T-C,210,7
1,2260611,T-C,210,7
1,2275877,A-G,210,7
1,2486198,T-C,210,7
1,2846389,T-C,210,7
1,2874841,T-C,210,7
1,2882783,T-C,210,7
1,3196617,T-C,210,7
1,3323747,T-C,210,7
1,3550388,T-C,210,7
1,4008285,A-G,210,7
1,4266061,A-C,210,7
1,4475078,A-G,210,7
1,4580908,A-G,210,7
1,4630322,A-G,210,7
1,185217,A-G,211,7
1,212787,A-G,211,7
1,461793,A-G,211,7
1,785724,A-G,211,7
1,1296455,T-C,211,7
1,1508738,T-C,211,7
1,2165186,T-C,211,7
1,2829831,T-C,211,7
1,2874841,T-C,211,7
1,2885161,A-G,211,7
1,3925379,T-C,211,7
1,3946986,T-C,211,7
1,4008285,A-G,211,7
1,411602,T-G,212,7
1,586297,A-G,212,7
1,615458,A-G,212,7
1,726459,G-C,212,7
1,1376221,A-G,212,7
1,1661348,T-C,212,7
1,2515966,T-C,212,7
1,2868249,T-C,212,7
1,2874841,T-C,212,7
1,3311848,T-C,212,7
1,3550388,T-C,212,7
1,3749441,T-C,212,7
1,3953188,G-C,212,7
1,4153133,C-G,212,7
1,4202808,A-G,212,7
1,31809,T-C,212,7
1,411602,T-G,213,7
1,567065,A-G,213,7
1,628654,A-G,213,7
1,726459,G-C,213,7
1,819950,A-G,213,7
1,1183932,A-G,213,7
1,1823752,C-A,213,7
1,2275877,A-G,213,7
1,2305241,T-C,213,7
1,2811472,C-G,213,7
1,2874841,T-C,213,7
1,3202867,T-C,213,7
1,3550388,T-C,213,7
1,3749441,T-C,213,7
1,3911621,T-G,213,7
1,3938351,T-C,213,7
1,4008285,A-G,213,7
1,57415,A-G,213,7
1,145736,A-G,214,7
1,145772,T-C,214,7
1,147141,T-C,214,7
1,411602,T-G,214,7
1,726459,G-C,214,7
1,1407564,T-C,214,7
1,1525396,T-C,214,7
1,1630544,A-G,214,7
1,2110500,A-G,214,7
1,2187576,T-C,214,7
1,2275877,A-G,214,7
1,2486198,T-C,214,7
1,2846389,T-C,214,7
1,2882783,T-C,214,7
1,3323747,T-C,214,7
1,3468597,C-G,214,7
1,3550388,T-C,214,7
1,3604747,C-G,214,7
1,4008285,A-G,214,7
1,4298065,A-G,214,7
1,4475078,A-G,214,7
1,330807,A-G,217,9
1,356098,A-G,217,9
1,467920,A-G,217,9
1,2933709,T-C,217,9
1,3550388,T-C,217,9
1,4008285,A-G,217,9
1,4409458,T-C,217,9
1,101136,T-C,218,9
1,351025,C-A,218,9
1,409909,A-G,218,9
1,411602,T-G,218,9
1,467920,A-G,218,9
1,592250,A-G,218,9
1,726459,G-C,218,9
1,831350,A-G,218,9
1,1164409,T-C,218,9
1,1264074,T-C,218,9
1,1438365,G-C,218,9
1,1804627,T-C,218,9
1,1853989,T-C,218,9
1,2275374,T-C,218,9
1,2275877,A-G,218,9
1,2874841,T-C,218,9
1,3034868,T-C,218,9
1,3069081,A-G,218,9
1,3550388,T-C,218,9
1,3615723,A-G,218,9
1,4304192,A-G,218,9
1,16231,C-G,218,9
1,531937,A-G,219,9
1,726459,G-C,219,9
1,1830833,T-C,219,9
1,1899452,T-C,219,9
1,2113886,A-G,219,9
1,2122529,A-G,219,9
1,2180231,T-C,219,9
1,2825594,T-C,219,9
1,2826961,T-C,219,9
1,2902968,T-C,219,9
1,3207059,T-C,219,9
1,3386263,T-C,219,9
1,3665209,A-G,219,9
1,3843124,T-C,219,9
1,3871568,A-G,219,9
1,3935516,T-C,219,9
1,4008285,A-G,219,9
1,4035502,A-G,219,9
1,4143230,A-G,219,9
1,4507940,T-C,219,9
1,145736,A-G,21,7
1,346508,A-G,21,7
1,411602,T-G,21,7
1,1407564,T-C,21,7
1,1492675,A-G,21,7
1,1550942,A-G,21,7
1,2631925,T-C,21,7
1,2633305,T-C,21,7
1,2665526,T-C,21,7
1,3550388,T-C,21,7
1,4475078,A-G,21,7
1,4580908,A-G,21,7
1,4588802,A-G,21,7
1,4626744,T-C,21,7
1,4630322,A-G,21,7
1,145736,A-G,220,9
1,467920,A-G,220,9
1,1280053,T-C,220,9
1,1525396,T-C,220,9
1,2028076,G-C,220,9
1,2034813,T-C,220,9
1,2275877,A-G,220,9
1,2817331,T-C,220,9
1,3550388,T-C,220,9
1,3723263,C-G,220,9
1,4275660,A-G,220,9
0.970664024,4375025,A-G,220,9
1,4376931,T-C,220,9
1,4475078,A-G,220,9
1,141859,T-C,221,9
1,411602,T-G,221,9
1,647260,A-G,221,9
1,921891,T-C,221,9
1,1115354,A-G,221,9
1,1290763,A-T,221,9
1,1375547,A-G,221,9
1,1536919,A-G,221,9
1,1555433,T-C,221,9
1,1573299,G-C,221,9
1,2410161,A-G,221,9
1,2569154,T-C,221,9
1,3371543,T-C,221,9
1,3494463,G-C,221,9
1,3550388,T-C,221,9
1,4389886,T-G,221,9
0.950639725,4542817,T-C,221,9
1,4654017,A-G,221,9
1,141859,T-C,222,9
1,266953,A-G,222,9
1,373035,A-G,222,9
1,411602,T-G,222,9
1,456695,T-C,222,9
1,647260,A-G,222,9
1,921891,T-C,222,9
1,1115354,A-G,222,9
1,1122733,G-T,222,9
1,1163311,A-T,222,9
1,1375547,A-G,222,9
1,1583290,T-C,222,9
1,2703826,T-C,222,9
1,2997694,T-C,222,9
1,3129182,A-C,222,9
1,3238775,T-C,222,9
1,3550388,T-C,222,9
1,3861716,T-C,222,9
1,4008285,A-G,222,9
1,4389886,T-G,222,9
1,4542817,T-C,222,9
1,346508,A-G,223,9
1,411602,T-G,223,9
1,467920,A-G,223,9
1,687853,A-G,223,9
1,720136,A-G,223,9
1,726459,G-C,223,9
1,1280053,T-C,223,9
1,1525396,T-C,223,9
1,1684000,T-C,223,9
1,1752308,T-C,223,9
1,1784699,A-G,223,9
1,2028076,G-C,223,9
1,2110500,A-G,223,9
1,2246058,T-C,223,9
1,2275877,A-G,223,9
1,2370153,T-C,223,9
1,2558439,A-G,223,9
1,2817331,T-C,223,9
1,2874841,T-C,223,9
1,2992297,T-C,223,9
1,3240563,A-G,223,9
1,3323747,T-C,223,9
1,3390578,A-G,223,9
1,3550388,T-C,223,9
1,3762343,A-G,223,9
1,4008285,A-G,223,9
1,4275660,A-G,223,9
1,4376931,T-C,223,9
1,4475078,A-G,223,9
1,4646001,T-C,223,9
1,101136,T-C,224,9
1,409909,A-G,224,9
1,411602,T-G,224,9
1,441667,A-G,224,9
1,467920,A-G,224,9
1,548605,A-G,224,9
1,653424,A-G,224,9
1,694025,A-G,224,9
1,726459,G-C,224,9
1,805041,C-G,224,9
1,831350,A-G,224,9
1,1164409,T-C,224,9
1,1780332,A-G,224,9
1,1804627,T-C,224,9
1,1853989,T-C,224,9
1,1964443,T-C,224,9
1,1979410,T-C,224,9
1,2275374,T-C,224,9
1,2275877,A-G,224,9
1,2633305,T-C,224,9
1,2874841,T-C,224,9
1,2925465,T-C,224,9
1,3034868,T-C,224,9
1,3301219,C-G,224,9
1,3304338,T-C,224,9
1,3503037,T-C,224,9
1,3550388,T-C,224,9
1,3615723,A-G,224,9
1,3775097,T-C,224,9
1,4008285,A-G,224,9
1,4304192,A-G,224,9
1,4409458,T-C,224,9
1,4555216,A-G,224,9
1,4560329,A-G,224,9
1,2003968,A-G,225,9
1,4544610,A-G,225,9
1,30767,C-A,225,9
1,411602,T-G,226,9
1,456695,T-C,226,9
1,571498,G-T,226,9
1,647260,A-G,226,9
1,726459,G-C,226,9
1,824557,T-C,226,9
1,921891,T-C,226,9
1,1115354,A-G,226,9
1,1375547,A-G,226,9
1,1744122,A-G,226,9
1,2303181,T-C,226,9
1,2410161,A-G,226,9
1,2569154,T-C,226,9
1,2874841,T-C,226,9
1,2952436,G-C,226,9
1,2997694,T-C,226,9
1,3550388,T-C,226,9
1,4389886,T-G,226,9
1,4542817,T-C,226,9
1,373035,A-G,227,9
1,498176,C-G,227,9
1,501225,A-G,227,9
1,726459,G-C,227,9
1,824557,T-C,227,9
1,921891,T-C,227,9
1,1115354,A-G,227,9
1,1375547,A-G,227,9
1,1513797,A-G,227,9
1,1536919,A-G,227,9
1,1744122,A-G,227,9
1,4146,A-G,229,9
1,398731,T-C,229,9
1,411602,T-G,229,9
1,726459,G-C,229,9
1,1264393,A-G,229,9
1,1330065,A-G,229,9
1,1537619,A-G,229,9
1,1655711,A-T,229,9
1,2021414,T-C,229,9
1,2623532,A-T,229,9
1,2656381,A-G,229,9
1,2874841,T-C,229,9
1,2997286,T-C,229,9
1,3054608,T-C,229,9
1,3072335,T-C,229,9
1,3133545,A-G,229,9
1,3141682,T-C,229,9
1,3285697,T-C,229,9
1,3528500,T-C,229,9
1,3596819,T-C,229,9
1,3598905,A-G,229,9
1,3735827,T-C,229,9
1,3782595,T-C,229,9
1,3883404,T-C,229,9
0.935653687,3991210,A-G,229,9
1,4008285,A-G,229,9
1,4183868,A-G,229,9
1,4624413,A-G,229,9
1,4646362,A-G,229,9
1,1599631,T-C,22,7
1,346508,A-G,230,9
1,411602,T-G,230,9
1,467920,A-G,230,9
1,720136,A-G,230,9
1,726459,G-C,230,9
1,1525396,T-C,230,9
1,2028076,G-C,230,9
1,2370153,T-C,230,9
1,4008285,A-G,230,9
1,4475078,A-G,230,9
1,145736,A-G,231,9
1,346508,A-G,231,9
1,411602,T-G,231,9
1,467920,A-G,231,9
1,687853,A-G,231,9
1,726459,G-C,231,9
0.987631798,783427,A-G,231,9
1,822576,A-G,231,9
1,1280053,T-C,231,9
1,1684000,T-C,231,9
1,1752308,T-C,231,9
1,2004068,T-A,231,9
1,2028076,G-C,231,9
1,2246058,T-C,231,9
1,2275877,A-G,231,9
1,2367423,T-C,231,9
1,2370153,T-C,231,9
1,2633305,T-C,231,9
1,2792251,T-C,231,9
1,2945022,T-C,231,9
1,2992297,T-C,231,9
1,3240563,A-G,231,9
1,3323747,T-C,231,9
1,3390578,A-G,231,9
1,3550388,T-C,231,9
1,3903455,T-C,231,9
1,4008285,A-G,231,9
1,4275660,A-G,231,9
1,4376931,T-C,231,9
1,4475078,A-G,231,9
1,4646001,T-C,231,9
1,4661763,G-C,231,9
1,141859,T-C,232,9
1,266953,A-G,232,9
1,373035,A-G,232,9
1,411602,T-G,232,9
1,456695,T-C,232,9
1,647260,A-G,232,9
1,726459,G-C,232,9
1,921891,T-C,232,9
1,1536919,A-G,232,9
1,1634360,C-G,232,9
1,1744122,A-G,232,9
1,2275877,A-G,232,9
1,2410161,A-G,232,9
1,2569154,T-C,232,9
1,2615964,T-C,232,9
1,2633305,T-C,232,9
1,2703826,T-C,232,9
1,2874841,T-C,232,9
1,2908285,G-C,232,9
1,3238775,T-C,232,9
1,3550388,T-C,232,9
1,3861716,T-C,232,9
1,4008285,A-G,232,9
1,4167986,A-G,232,9
1,4389886,T-G,232,9
1,4542817,T-C,232,9
1,141208,A-G,233,9
1,283519,A-G,233,9
1,411602,T-G,233,9
1,894993,A-G,233,9
1,1380897,A-G,233,9
1,1743770,T-A,233,9
1,2404277,T-C,233,9
1,2633305,T-C,233,9
1,2874841,T-C,233,9
1,2963317,T-C,233,9
1,3200185,A-G,233,9
1,3277619,T-C,233,9
1,3550388,T-C,233,9
1,4008285,A-G,233,9
1,4089188,A-G,233,9
1,4149956,C-A,233,9
1,4183078,T-A,233,9
1,4357382,A-G,233,9
1,4616061,A-G,233,9
1,4093,A-G,234,9
1,101136,T-C,234,9
1,409909,A-G,234,9
1,411602,T-G,234,9
1,441667,A-G,234,9
1,467920,A-G,234,9
1,653424,A-G,234,9
1,694025,A-G,234,9
1,726459,G-C,234,9
1,831350,A-G,234,9
1,1164409,T-C,234,9
1,1412187,T-A,234,9
1,1422886,G-C,234,9
1,1695542,T-C,234,9
1,1804627,T-C,234,9
1,1853989,T-C,234,9
1,1964443,T-C,234,9
1,2275374,T-C,234,9
1,2275877,A-G,234,9
1,2633305,T-C,234,9
1,2874841,T-C,234,9
1,3034868,T-C,234,9
1,3304338,T-C,234,9
1,3550388,T-C,234,9
1,3615723,A-G,234,9
1,4008285,A-G,234,9
1,4304192,A-G,234,9
1,4409458,T-C,234,9
1,4555216,A-G,234,9
1,4560329,A-G,234,9
1,4683099,A-G,234,9
1,70246,C-G,235,9
1,145736,A-G,235,9
1,157190,T-C,235,9
1,157965,C-A,235,9
1,163600,G-C,235,9
1,346508,A-G,235,9
1,411602,T-G,235,9
1,687853,A-G,235,9
1,720136,A-G,235,9
1,726459,G-C,235,9
1,1082481,A-G,235,9
1,1353503,A-G,235,9
1,1484564,T-C,235,9
1,1525396,T-C,235,9
1,1752308,T-C,235,9
1,1784699,A-G,235,9
1,2028076,G-C,235,9
1,2110500,A-G,235,9
1,2246058,T-C,235,9
1,2275877,A-G,235,9
1,2370153,T-C,235,9
1,2782846,T-C,235,9
1,2858129,T-C,235,9
1,2864512,T-C,235,9
1,2874841,T-C,235,9
1,2916209,T-C,235,9
1,2992297,T-C,235,9
1,3240563,A-G,235,9
1,3323747,T-C,235,9
1,3356028,T-A,235,9
1,3550388,T-C,235,9
1,3552114,A-G,235,9
1,3765474,T-C,235,9
1,3985424,A-G,235,9
1,4008285,A-G,235,9
1,4185308,A-G,235,9
1,4376931,T-C,235,9
1,4475078,A-G,235,9
1,85618,A-C,236,9
1,411602,T-G,236,9
1,455045,A-G,236,9
1,610252,A-G,236,9
1,726459,G-C,236,9
1,1452681,T-C,236,9
1,1536919,A-G,236,9
1,2275877,A-G,236,9
1,2392163,T-C,236,9
1,2535620,A-G,236,9
1,2874841,T-C,236,9
1,3440010,A-G,236,9
1,3469165,T-A,236,9
1,3550388,T-C,236,9
1,4008285,A-G,236,9
1,4592228,A-G,236,9
1,4654017,A-G,236,9
1,86976,A-G,237,9
1,104718,A-G,237,9
1,135776,A-G,237,9
1,145034,T-C,237,9
1,237700,A-G,237,9
1,350293,T-C,237,9
1,392298,A-G,237,9
1,411602,T-G,237,9
1,726459,G-C,237,9
1,1132805,A-C,237,9
1,1279044,T-C,237,9
1,1494361,A-G,237,9
1,1595913,A-G,237,9
1,2156566,T-C,237,9
1,2466064,T-C,237,9
1,2474038,T-C,237,9
1,3090161,A-G,237,9
1,3147616,T-C,237,9
1,3538360,T-C,237,9
1,3543001,T-C,237,9
1,3815556,A-G,237,9
1,3896161,T-C,237,9
1,3926491,T-C,237,9
1,70246,C-G,238,9
1,145736,A-G,238,9
1,157190,T-C,238,9
1,346508,A-G,238,9
1,353331,G-C,238,9
1,354967,G-C,238,9
1,411602,T-G,238,9
1,467920,A-G,238,9
1,514127,A-G,238,9
1,720136,A-G,238,9
1,726459,G-C,238,9
1,776948,A-G,238,9
1,1145712,A-G,238,9
1,1280053,T-C,238,9
1,1484564,T-C,238,9
1,1525396,T-C,238,9
1,1704509,G-T,238,9
1,1752308,T-C,238,9
1,1784699,A-G,238,9
1,2110500,A-G,238,9
1,2115573,T-C,238,9
1,2205174,A-T,238,9
1,2246058,T-C,238,9
1,2275877,A-G,238,9
1,2370153,T-C,238,9
1,2864512,T-C,238,9
1,2936568,T-C,238,9
1,3240563,A-G,238,9
1,3323747,T-C,238,9
1,3390578,A-G,238,9
1,3485407,G-C,238,9
1,3550388,T-C,238,9
1,3552114,A-G,238,9
1,3741586,A-T,238,9
1,3765474,T-C,238,9
1,4008285,A-G,238,9
1,4376931,T-C,238,9
1,4475078,A-G,238,9
1,4646001,T-C,238,9
1,275494,A-G,23,7
1,411602,T-G,23,7
1,833018,T-C,23,7
1,1029231,A-G,23,7
1,1092438,A-G,23,7
1,1131565,A-G,23,7
1,1419634,T-C,23,7
1,1558153,T-C,23,7
1,2200259,T-A,23,7
1,2230280,C-A,23,7
1,2275877,A-G,23,7
1,2633305,T-C,23,7
1,2638991,C-G,23,7
1,2740592,T-C,23,7
1,2808416,C-G,23,7
1,2946621,G-C,23,7
1,3550388,T-C,23,7
1,3554078,T-C,23,7
1,3846253,A-G,23,7
1,3935307,T-C,23,7
1,4008285,A-G,23,7
1,4063822,A-G,23,7
1,4443856,A-G,23,7
1,2002650,A-G,240,2
1,2233171,T-A,240,2
1,105666,T-A,241,2
1,952473,A-G,241,2
1,1633127,C-G,241,2
1,401197,G-T,242,2
1,411602,T-G,242,2
1,108961,A-G,243,2
1,632738,G-T,243,2
1,1504472,G-T,243,2
0.933320045,1935906,G-T,243,2
1,411602,T-G,244,2
1,411602,T-G,245,2
1,645854,A-G,245,2
1,1207504,C-G,245,2
1,2062633,A-G,245,2
1,2283370,G-T,245,2
0.986998558,3569077,A-G,245,2
1,4260906,C-A,245,2
1,137696,C-A,246,2
1,411602,T-G,246,2
1,3108911,T-A,246,2
1,3265875,C-G,246,2
1,4193248,T-A,246,2
1,4207004,G-C,246,2
1,411602,T-G,247,2
1,1400251,G-T,247,2
1,532690,G-T,248,2
1,93723,G-C,249,2
1,745163,T-C,249,2
1,411602,T-G,250,2
1,4310282,G-C,250,2
1,411602,T-G,251,2
1,1638680,C-A,251,2
1,2726590,T-C,251,2
1,3282569,G-C,251,2
1,3462047,G-C,251,2
1,411602,T-G,252,2
1,624755,G-C,252,2
1,2090898,T-C,252,2
1,245922,T-C,254,2
1,411602,T-G,254,2
1,1771082,A-G,254,2
1,4497720,T-C,254,2
1,411602,T-G,255,2
1,560810,T-C,255,2
1,982137,T-C,255,2
1,1100284,A-G,255,2
1,848994,G-T,256,2
1,411602,T-G,257,2
1,411602,T-G,258,2
1,824591,T-A,258,2
1,3729773,G-T,258,2
1,3781352,G-C,258,2
1,401197,G-T,259,2
1,411602,T-G,259,2
1,3513787,C-A,259,2
1,4144050,C-G,259,2
1,4215811,T-A,259,2
1,510807,C-A,260,2
1,959905,G-T,260,2
1,1621429,C-A,260,2
1,2482249,A-G,260,2
1,2597440,G-T,260,2
1,4574825,T-C,260,2
1,4601693,C-G,260,2
1,411602,T-G,261,2
1,780355,G-T,261,2
1,2135827,T-A,261,2
1,2194202,A-G,261,2
1,3045895,T-C,261,2
1,3322602,T-C,261,2
0.937960625,4482987,G-C,261,2
1,411602,T-G,264,4
1,259341,C-G,267,4
1,259347,T-C,267,4
1,259353,T-G,267,4
1,259362,T-C,267,4
1,259416,T-C,267,4
1,259425,T-C,267,4
1,259440,T-C,267,4
1,259446,A-G,267,4
1,259452,A-G,267,4
1,259467,A-G,267,4
1,259470,T-C,267,4
1,4498637,A-G,267,4
1,236912,T-C,269,4
1,411602,T-G,269,4
1,570242,T-C,269,4
1,1835857,A-G,269,4
1,3247955,T-A,269,4
1,409909,A-G,26,9
1,411602,T-G,26,9
1,726459,G-C,26,9
1,906272,A-G,26,9
1,1094014,T-C,26,9
1,1392070,A-G,26,9
1,1496803,A-G,26,9
1,2153366,G-C,26,9
1,2456530,G-C,26,9
1,3083513,T-C,26,9
1,3281023,T-C,26,9
1,3437011,A-G,26,9
1,4133703,T-C,26,9
1,4515880,A-G,26,9
1,4555216,A-G,26,9
1,346731,A-G,271,4
1,411602,T-G,271,4
1,1242583,T-A,271,4
1,3285063,C-G,271,4
1,411602,T-G,272,4
1,1005657,G-T,272,4
0.916851044,14449,C-A,272,4
1,1328120,T-G,273,4
1,2248930,T-C,273,4
1,2619722,T-C,273,4
1,3701748,G-C,273,4
1,4104164,C-A,273,4
1,4162177,C-A,273,4
1,4388233,C-A,273,4
1,233917,C-A,275,4
1,411602,T-G,275,4
1,1144459,A-G,275,4
1,2136473,C-A,275,4
1,2222466,C-A,275,4
1,411602,T-G,276,4
1,411602,T-G,277,4
1,411602,T-G,278,4
1,1153660,A-G,278,4
1,2337298,A-G,278,4
1,3209850,G-T,278,4
1,3262481,A-G,278,4
1,3632967,G-T,278,4
1,4051984,A-G,278,4
1,4172889,C-A,278,4
1,411602,T-G,279,4
1,411602,T-G,280,4
1,2572412,T-G,280,4
1,411602,T-G,281,4
1,843588,C-G,281,4
1,861813,T-C,281,4
1,862420,C-G,281,4
1,1704028,T-A,281,4
1,2215545,G-C,281,4
1,2692572,C-A,281,4
1,3545690,A-C,281,4
1,4094411,C-G,281,4
1,411602,T-G,282,4
1,1052343,A-G,282,4
1,1328120,T-G,282,4
1,2523325,T-A,282,4
1,3370551,C-A,282,4
1,263253,C-A,284,4
1,411602,T-G,284,4
1,794455,A-G,284,4
1,1015487,T-C,284,4
1,1539730,C-A,284,4
1,3556358,A-T,284,4
1,275494,A-G,288,7
1,411602,T-G,288,7
1,689433,T-C,288,7
1,851945,A-G,288,7
1,1029231,A-G,288,7
1,1092438,A-G,288,7
1,1419634,T-C,288,7
1,1642455,T-C,288,7
1,2740592,T-C,288,7
1,3846253,A-G,288,7
1,3935307,T-C,288,7
1,4008285,A-G,288,7
1,4063822,A-G,288,7
1,4443856,A-G,288,7
1,4509624,T-C,288,7
1,2305241,T-C,289,7
1,3749441,T-C,289,7
1,3938351,T-C,289,7
1,4008285,A-G,289,7
1,67169,C-A,28,9
1,726459,G-C,28,9
1,3066451,T-C,28,9
1,3386787,T-C,28,9
1,4060190,T-A,28,9
1,347424,G-T,290,7
1,411602,T-G,290,7
1,726459,G-C,290,7
1,851945,A-G,290,7
1,1029231,A-G,290,7
1,1642455,T-C,290,7
1,1715625,G-T,290,7
1,1896859,C-A,290,7
1,2275877,A-G,290,7
1,2633305,T-C,290,7
1,3236107,C-G,290,7
1,3550388,T-C,290,7
1,3554078,T-C,290,7
1,3846253,A-G,290,7
1,4008285,A-G,290,7
1,4063822,A-G,290,7
1,4443856,A-G,290,7
1,4509624,T-C,290,7
1,4598833,C-A,290,7
1,501477,A-G,291,7
1,1419634,T-C,291,7
1,1548314,A-G,291,7
1,1634741,T-C,291,7
1,3209863,A-G,291,7
1,3550388,T-C,291,7
1,3763234,T-C,291,7
1,411602,T-G,292,7
1,726459,G-C,292,7
1,3414612,A-G,292,7
1,4443856,A-G,292,7
1,2963,T-C,292,7
1,217714,A-G,294,7
1,326090,A-G,294,7
1,403898,A-G,294,7
1,411602,T-G,294,7
0.921719074,635682,A-G,294,7
1,840309,A-G,294,7
1,1170696,C-G,294,7
1,1234830,A-G,294,7
1,1350468,T-C,294,7
1,1457167,T-C,294,7
1,1536938,A-G,294,7
1,2275877,A-G,294,7
1,2397448,T-C,294,7
1,2403602,T-C,294,7
1,2602729,T-C,294,7
1,2633305,T-C,294,7
1,3455515,T-C,294,7
1,3550388,T-C,294,7
1,4008285,A-G,294,7
1,4296764,A-G,294,7
1,411602,T-G,295,7
1,567065,A-G,295,7
1,628654,A-G,295,7
1,726459,G-C,295,7
1,819950,A-G,295,7
1,1183932,A-G,295,7
1,1196109,C-G,295,7
1,1295565,G-T,295,7
1,1751707,T-C,295,7
1,2305241,T-C,295,7
1,2633305,T-C,295,7
1,2811472,C-G,295,7
1,2874841,T-C,295,7
1,3202867,T-C,295,7
1,3550388,T-C,295,7
1,3584589,T-C,295,7
1,3938351,T-C,295,7
1,4008285,A-G,295,7
1,6324,A-G,296,7
1,174042,T-C,296,7
1,217714,A-G,296,7
1,411602,T-G,296,7
1,915755,A-G,296,7
1,1123533,T-C,296,7
1,1177564,G-T,296,7
1,1197695,T-C,296,7
1,1504343,A-G,296,7
1,1558146,A-G,296,7
1,1827428,A-G,296,7
1,2275877,A-G,296,7
1,2315250,T-C,296,7
1,2389701,C-G,296,7
1,2874841,T-C,296,7
1,3061795,C-G,296,7
1,3093255,T-C,296,7
1,3291937,T-C,296,7
1,3550388,T-C,296,7
1,3634652,T-C,296,7
1,3724247,A-G,296,7
1,3743777,T-C,296,7
1,4008285,A-G,296,7
1,1280053,T-C,297,7
1,1492675,A-G,297,7
1,1630544,A-G,297,7
1,145736,A-G,298,7
1,411602,T-G,298,7
1,467920,A-G,298,7
1,726459,G-C,298,7
1,821191,C-A,298,7
1,1280053,T-C,298,7
1,1407564,T-C,298,7
1,1492675,A-G,298,7
1,1525396,T-C,298,7
1,1630544,A-G,298,7
1,2110500,A-G,298,7
1,2187576,T-C,298,7
1,2275877,A-G,298,7
1,2486198,T-C,298,7
1,2846389,T-C,298,7
1,3082676,C-G,298,7
1,3196617,T-C,298,7
1,3323747,T-C,298,7
1,3550388,T-C,298,7
1,4008285,A-G,298,7
1,4475078,A-G,298,7
1,4580908,A-G,298,7
1,4630322,A-G,298,7
1,53880,A-G,29,9
1,237700,A-G,29,9
1,330807,A-G,29,9
1,356098,A-G,29,9
1,409909,A-G,29,9
1,411602,T-G,29,9
1,467920,A-G,29,9
1,513160,A-G,29,9
1,867926,C-A,29,9
1,886505,G-C,29,9
1,1356866,T-C,29,9
1,1853989,T-C,29,9
1,1900518,A-G,29,9
1,1979410,T-C,29,9
1,2012398,T-C,29,9
1,2284631,T-C,29,9
1,2874841,T-C,29,9
1,2907556,A-G,29,9
1,2933709,T-C,29,9
1,3081767,A-G,29,9
1,3252749,A-G,29,9
1,3295488,A-G,29,9
1,3550388,T-C,29,9
1,3619644,A-T,29,9
1,3835283,G-C,29,9
1,4008285,A-G,29,9
1,4103665,T-C,29,9
1,4244216,A-G,29,9
1,4409458,T-C,29,9
1,467920,A-G,2,7
1,726459,G-C,2,7
0.93522644,843362,A-C,2,7
1,935206,C-A,2,7
1,1280053,T-C,2,7
1,1407564,T-C,2,7
1,1438073,A-G,2,7
1,1492675,A-G,2,7
1,1525396,T-C,2,7
1,2141739,A-G,2,7
1,2486198,T-C,2,7
1,2846389,T-C,2,7
1,2874841,T-C,2,7
1,2882783,T-C,2,7
1,4008285,A-G,2,7
1,4046667,A-G,2,7
1,4475078,A-G,2,7
1,122825,A-G,300,7
1,171582,A-G,300,7
1,217714,A-G,300,7
1,411602,T-G,300,7
1,581479,T-C,300,7
1,726459,G-C,300,7
1,1342320,A-G,300,7
1,2442416,T-C,300,7
1,2506968,T-C,300,7
1,2633305,T-C,300,7
1,2645419,A-G,300,7
1,2823507,T-C,300,7
1,2874841,T-C,300,7
1,2925803,A-G,300,7
1,3236585,T-C,300,7
1,3414612,A-G,300,7
1,3454101,T-C,300,7
1,3550388,T-C,300,7
1,4008285,A-G,300,7
1,4098953,A-G,300,7
1,4443856,A-G,300,7
1,4493263,T-C,300,7
1,4072,T-C,301,7
1,217714,A-G,301,7
1,411602,T-G,301,7
1,429327,A-G,301,7
1,1296444,A-G,301,7
1,1417045,A-G,301,7
1,1530909,T-C,301,7
1,1559710,T-C,301,7
1,1858630,T-C,301,7
1,2012144,A-G,301,7
1,2091081,T-C,301,7
1,2197868,A-G,301,7
1,2550275,T-C,301,7
1,2719533,T-C,301,7
1,2874841,T-C,301,7
1,3292454,T-C,301,7
1,3550388,T-C,301,7
1,4346323,A-G,301,7
1,4611374,A-G,301,7
1,4638795,A-G,301,7
1,411602,T-G,303,7
1,567065,A-G,303,7
1,628654,A-G,303,7
1,819950,A-G,303,7
1,3079389,A-G,303,7
1,411602,T-G,304,7
1,467920,A-G,304,7
1,726459,G-C,304,7
1,1280053,T-C,304,7
1,1593125,T-A,304,7
1,1630544,A-G,304,7
1,2275877,A-G,304,7
1,2296303,A-G,304,7
1,2631925,T-C,304,7
1,2633305,T-C,304,7
1,2874841,T-C,304,7
1,2882783,T-C,304,7
1,3323747,T-C,304,7
1,3550388,T-C,304,7
1,4008285,A-G,304,7
1,340540,G-T,305,7
1,411602,T-G,305,7
1,470196,A-G,305,7
1,968006,T-C,305,7
1,3550388,T-C,305,7
1,4508965,A-G,305,7
1,1419634,T-C,306,7
1,1646531,A-G,306,7
1,1861792,T-C,306,7
1,2020977,C-A,306,7
1,2126408,A-T,306,7
1,2740592,T-C,306,7
1,4443856,A-G,306,7
1,4495473,A-G,306,7
1,6324,A-G,307,7
1,174042,T-C,307,7
1,411602,T-G,307,7
1,915755,A-G,307,7
1,1123533,T-C,307,7
1,1504343,A-G,307,7
1,1558146,A-G,307,7
1,1827428,A-G,307,7
1,2275877,A-G,307,7
1,2315250,T-C,307,7
1,2371164,C-A,307,7
1,2633305,T-C,307,7
1,2874841,T-C,307,7
1,3550388,T-C,307,7
1,3647293,T-C,307,7
1,3724247,A-G,307,7
1,3743777,T-C,307,7
1,4008285,A-G,307,7
1,4652844,C-A,307,7
1,346508,A-G,308,7
1,1280053,T-C,308,7
1,1630544,A-G,308,7
1,2275877,A-G,308,7
1,2846389,T-C,308,7
1,3196617,T-C,308,7
1,3323747,T-C,308,7
1,3728142,G-C,308,7
1,3765245,T-C,308,7
1,4008285,A-G,308,7
1,346508,A-G,309,7
1,680399,A-G,309,7
1,1407564,T-C,309,7
1,1492675,A-G,309,7
1,1525396,T-C,309,7
1,1630544,A-G,309,7
1,2187576,T-C,309,7
1,2275877,A-G,309,7
1,2846389,T-C,309,7
1,2874841,T-C,309,7
1,2882783,T-C,309,7
1,3196617,T-C,309,7
1,4008285,A-G,309,7
1,4475078,A-G,309,7
1,4503395,A-G,309,7
1,411602,T-G,30,9
1,548268,A-G,30,9
1,647260,A-G,30,9
1,726459,G-C,30,9
1,1255914,T-A,30,9
1,1375547,A-G,30,9
1,1482409,T-C,30,9
1,1570796,T-C,30,9
1,1947017,G-C,30,9
1,2275877,A-G,30,9
1,2516079,A-G,30,9
1,2874841,T-C,30,9
1,3101657,A-G,30,9
1,4019575,A-G,30,9
1,4645153,A-G,30,9
1,1356866,T-C,313,9
1,411602,T-G,314,9
1,467920,A-G,314,9
0.95690155,1898541,A-G,314,9
1,2275877,A-G,314,9
1,2874841,T-C,314,9
1,3066451,T-C,314,9
1,3386787,T-C,314,9
1,687853,A-G,315,9
1,1525396,T-C,315,9
1,2238940,G-C,315,9
1,2246058,T-C,315,9
1,2945022,T-C,315,9
1,2945919,C-A,315,9
0.918896198,3257204,T-A,315,9
1,3414076,T-C,315,9
1,4275660,A-G,315,9
1,89646,A-G,316,9
1,330807,A-G,316,9
1,356098,A-G,316,9
1,409909,A-G,316,9
1,411602,T-G,316,9
1,467920,A-G,316,9
1,513160,A-G,316,9
1,726459,G-C,316,9
1,1161021,A-G,316,9
1,1356866,T-C,316,9
1,1611750,A-G,316,9
1,1820341,T-C,316,9
1,1900518,A-G,316,9
1,2012398,T-C,316,9
1,2633305,T-C,316,9
1,3081767,A-G,316,9
1,3684077,T-C,316,9
1,4008285,A-G,316,9
1,4147650,T-A,316,9
1,4215635,G-T,316,9
1,4244216,A-G,316,9
1,4407201,T-C,316,9
1,4409458,T-C,316,9
1,4482489,G-T,316,9
1,144786,A-G,317,9
1,187403,A-G,317,9
1,411602,T-G,317,9
1,505905,A-G,317,9
1,647260,A-G,317,9
1,681333,T-C,317,9
1,921891,T-C,317,9
1,1028142,A-G,317,9
1,1063321,T-C,317,9
1,1375547,A-G,317,9
1,1536919,A-G,317,9
1,1746348,T-C,317,9
1,1885892,T-C,317,9
1,2275877,A-G,317,9
1,2431417,A-G,317,9
1,2452876,T-C,317,9
1,2874841,T-C,317,9
1,3542533,T-C,317,9
1,3550388,T-C,317,9
1,3825264,C-G,317,9
1,4008285,A-G,317,9
1,4046680,A-G,317,9
1,4071417,T-C,317,9
1,4149483,A-G,317,9
1,4276354,A-G,317,9
1,4649884,T-A,317,9
1,7987,A-G,317,9
1,162530,A-G,318,9
1,4275660,A-G,318,9
1,893953,A-G,319,9
1,1785634,T-C,319,9
1,3928894,T-C,319,9
1,4008285,A-G,319,9
1,89646,A-G,31,9
1,217459,A-G,31,9
1,237700,A-G,31,9
1,330807,A-G,31,9
1,356098,A-G,31,9
1,413875,C-G,31,9
1,467920,A-G,31,9
1,596306,T-C,31,9
1,726459,G-C,31,9
1,839115,C-A,31,9
1,1611750,A-G,31,9
1,1820341,T-C,31,9
1,1900518,A-G,31,9
1,2012398,T-C,31,9
1,2284631,T-C,31,9
1,2933709,T-C,31,9
1,3081767,A-G,31,9
1,3550388,T-C,31,9
1,3832667,C-G,31,9
1,4008285,A-G,31,9
1,4082427,G-C,31,9
1,4409458,T-C,31,9
1,4555216,A-G,31,9
1,101136,T-C,320,9
1,441667,A-G,320,9
1,653424,A-G,320,9
1,694025,A-G,320,9
1,831350,A-G,320,9
1,1164409,T-C,320,9
1,1412187,T-A,320,9
1,1507775,T-C,320,9
1,1804627,T-C,320,9
1,1853989,T-C,320,9
1,1964443,T-C,320,9
1,1979410,T-C,320,9
1,2305991,A-G,320,9
1,2465896,A-T,320,9
1,2633305,T-C,320,9
1,2874841,T-C,320,9
1,3034868,T-C,320,9
1,3304338,T-C,320,9
1,3408290,A-G,320,9
1,3550388,T-C,320,9
1,3615723,A-G,320,9
1,4008285,A-G,320,9
1,4304192,A-G,320,9
1,4409458,T-C,320,9
1,4555216,A-G,320,9
1,4560329,A-G,320,9
1,4683099,A-G,320,9
1,2275877,A-G,321,9
1,3649718,T-C,321,9
1,4409458,T-C,321,9
1,70246,C-G,322,9
1,720136,A-G,322,9
1,1241376,T-C,322,9
1,1280053,T-C,322,9
1,2246058,T-C,322,9
1,2275877,A-G,322,9
1,3240563,A-G,322,9
1,4475078,A-G,322,9
1,616045,A-T,323,9
1,726459,G-C,323,9
1,2340900,T-C,323,9
1,3400173,T-C,323,9
1,3437011,A-G,323,9
1,3444638,T-C,323,9
1,3649718,T-C,323,9
1,3985994,A-G,323,9
1,283519,A-G,324,9
1,411602,T-G,324,9
1,1069100,A-G,324,9
1,1112038,A-G,324,9
1,1345220,A-T,324,9
1,1890912,C-G,324,9
1,2217765,T-C,324,9
1,2275877,A-G,324,9
0.947224617,2619983,G-T,324,9
1,3200185,A-G,324,9
1,3204685,A-G,324,9
1,3208771,T-C,324,9
1,3536756,T-C,324,9
1,3550388,T-C,324,9
1,4008285,A-G,324,9
1,4089188,A-G,324,9
1,5417,A-G,324,9
1,78909,A-G,326,9
1,145736,A-G,326,9
1,258604,T-C,326,9
1,319793,A-G,326,9
1,346508,A-G,326,9
1,411602,T-G,326,9
1,429327,A-G,326,9
1,549540,A-G,326,9
1,1129837,A-G,326,9
1,1472958,T-C,326,9
1,1694707,A-G,326,9
1,1756852,T-C,326,9
1,1928028,C-A,326,9
1,2804702,T-C,326,9
1,2874841,T-C,326,9
1,2881791,T-C,326,9
1,3019060,T-C,326,9
1,3290739,T-C,326,9
1,3323747,T-C,326,9
1,3392102,A-G,326,9
1,3550388,T-C,326,9
1,3576181,T-C,326,9
1,3696117,T-C,326,9
1,4008285,A-G,326,9
1,4475078,A-G,326,9
1,4521861,T-C,326,9
1,4682112,A-G,326,9
1,39725,T-C,326,9
1,104718,A-G,327,9
1,350293,T-C,327,9
1,404797,T-C,327,9
1,411602,T-G,327,9
1,881692,A-G,327,9
1,1011897,A-G,327,9
1,3896161,T-C,327,9
1,1572981,T-C,328,9
1,2874841,T-C,328,9
1,2887109,T-C,328,9
1,3232165,T-C,328,9
1,316125,A-G,330,9
1,411602,T-G,330,9
1,2370153,T-C,330,9
1,533336,A-G,331,9
1,726459,G-C,331,9
1,1375547,A-G,331,9
1,1452681,T-C,331,9
1,1536919,A-G,331,9
1,2054105,G-T,331,9
1,2392163,T-C,331,9
1,4592228,A-G,331,9
1,411602,T-G,332,9
0.946791649,4563656,C-A,332,9
1,653424,A-G,333,9
1,694025,A-G,333,9
1,726459,G-C,333,9
1,831350,A-G,333,9
1,1804627,T-C,333,9
1,2874841,T-C,333,9
1,3266545,T-C,333,9
1,3304338,T-C,333,9
1,3550388,T-C,333,9
1,3615723,A-G,333,9
1,4008285,A-G,333,9
1,4057708,T-C,333,9
1,4304192,A-G,333,9
1,4369364,C-G,333,9
1,4555216,A-G,333,9
1,4560329,A-G,333,9
1,4637370,A-G,333,9
1,1129349,G-C,337,2
1,1409562,T-C,337,2
1,2800362,G-T,337,2
1,372083,G-C,338,2
1,411602,T-G,338,2
1,70246,C-G,33,9
1,157190,T-C,33,9
1,346508,A-G,33,9
1,411602,T-G,33,9
1,467920,A-G,33,9
1,687853,A-G,33,9
1,720136,A-G,33,9
1,726459,G-C,33,9
1,1082481,A-G,33,9
1,1280053,T-C,33,9
1,1353503,A-G,33,9
1,1431791,G-T,33,9
1,1484564,T-C,33,9
0.930083275,1486497,G-C,33,9
1,1525396,T-C,33,9
1,1752308,T-C,33,9
1,1784699,A-G,33,9
1,2027835,T-C,33,9
1,2028076,G-C,33,9
1,2110500,A-G,33,9
1,2246058,T-C,33,9
1,2275877,A-G,33,9
1,2363468,T-C,33,9
1,2370153,T-C,33,9
1,2874841,T-C,33,9
1,2992297,T-C,33,9
1,3240563,A-G,33,9
1,3390578,A-G,33,9
1,3550388,T-C,33,9
1,3552114,A-G,33,9
1,3765474,T-C,33,9
1,3851477,T-G,33,9
1,4008285,A-G,33,9
1,4427157,A-G,33,9
1,4475078,A-G,33,9
1,4646001,T-C,33,9
1,411602,T-G,341,2
1,2263954,T-A,341,2
1,411602,T-G,342,2
1,1711137,G-C,342,2
1,4168024,C-G,342,2
1,4163082,A-T,343,2
1,57568,A-G,343,2
1,411602,T-G,344,2
1,3328991,A-G,344,2
1,319759,T-C,345,2
1,411602,T-G,345,2
1,526837,G-T,345,2
1,1103051,C-G,345,2
1,2437718,G-C,345,2
1,2704881,G-C,345,2
1,4600669,C-G,347,2
1,143496,T-C,348,2
1,411602,T-G,348,2
1,1934312,C-G,348,2
1,101136,T-C,34,9
1,411602,T-G,34,9
1,441667,A-G,34,9
1,653424,A-G,34,9
1,694025,A-G,34,9
1,726459,G-C,34,9
1,2035757,T-C,34,9
1,2275374,T-C,34,9
1,2275877,A-G,34,9
1,2633305,T-C,34,9
1,2672672,C-G,34,9
1,2701566,T-G,34,9
1,3034868,T-C,34,9
1,3550388,T-C,34,9
1,3615723,A-G,34,9
1,4008285,A-G,34,9
1,4304192,A-G,34,9
1,411602,T-G,351,2
1,634013,T-G,351,2
1,1500915,T-A,351,2
1,411602,T-G,352,2
0.951879501,475764,A-G,352,2
1,11667,G-T,353,2
1,411602,T-G,353,2
1,2880568,T-C,353,2
1,4144591,G-C,353,2
1,4204535,C-A,355,2
1,3573694,G-C,356,2
1,411602,T-G,357,2
1,153323,A-G,35,9
1,316400,C-G,35,9
1,411602,T-G,35,9
1,720848,C-G,35,9
1,893953,A-G,35,9
1,1100206,A-G,35,9
1,1721388,T-C,35,9
1,1785634,T-C,35,9
1,2042100,T-C,35,9
1,2370153,T-C,35,9
1,2475350,T-C,35,9
1,2518455,T-C,35,9
1,2564031,T-C,35,9
1,2633305,T-C,35,9
1,2777997,G-T,35,9
1,2943666,T-C,35,9
1,3373040,T-C,35,9
1,3550388,T-C,35,9
1,3802467,T-C,35,9
1,3928894,T-C,35,9
1,4114559,T-C,35,9
1,4262723,A-G,35,9
1,4424288,A-G,35,9
1,3203059,A-G,361,4
1,3428336,G-C,361,4
1,4574155,A-G,361,4
1,88897,A-G,365,4
1,411602,T-G,365,4
1,2383774,C-A,367,4
1,411602,T-G,368,4
1,678056,G-C,368,4
1,880262,A-T,368,4
1,106499,G-C,369,4
1,2620983,T-C,369,4
1,3793425,A-G,369,4
1,3969634,G-T,369,4
1,4046243,G-T,369,4
1,4146,A-G,36,9
1,411602,T-G,36,9
1,1288283,C-G,36,9
1,1288290,A-G,36,9
1,1288292,T-C,36,9
1,1288331,G-C,36,9
1,1288376,T-C,36,9
1,1288383,A-G,36,9
1,1288389,A-G,36,9
1,1330065,A-G,36,9
1,1537619,A-G,36,9
1,1655711,A-T,36,9
1,1659488,T-C,36,9
1,2275877,A-G,36,9
1,2761595,T-C,36,9
1,2874841,T-C,36,9
1,3072335,T-C,36,9
1,3141682,T-C,36,9
1,3226821,T-A,36,9
1,3226851,C-G,36,9
1,3226857,G-C,36,9
1,3226860,A-T,36,9
1,3347505,A-G,36,9
1,3347514,A-G,36,9
1,3347517,T-C,36,9
1,3347598,C-A,36,9
1,3347607,T-G,36,9
1,3347610,G-T,36,9
1,3347619,T-C,36,9
1,3347634,A-G,36,9
1,3347655,G-T,36,9
1,3347679,T-A,36,9
1,3347682,A-G,36,9
1,3596819,T-C,36,9
1,3598905,A-G,36,9
1,3763183,A-G,36,9
1,3782595,T-C,36,9
1,4624413,A-G,36,9
1,4645730,A-G,36,9
1,411602,T-G,371,4
1,772580,A-G,371,4
1,1156694,C-A,371,4
1,1212598,A-G,371,4
1,3255357,C-G,371,4
1,4088247,G-C,371,4
1,411602,T-G,373,4
1,1561203,T-A,373,4
1,2863213,C-A,373,4
1,1114392,T-C,376,4
1,411602,T-G,377,4
1,411602,T-G,378,4
1,1086784,C-G,379,4
1,1630023,G-C,379,4
1,4602226,C-G,379,4
1,411602,T-G,37,9
1,456695,T-C,37,9
1,647260,A-G,37,9
1,1115354,A-G,37,9
1,1145012,C-G,37,9
1,1375547,A-G,37,9
1,1536919,A-G,37,9
1,1744122,A-G,37,9
1,2210219,C-G,37,9
1,2275877,A-G,37,9
1,2410161,A-G,37,9
1,2569154,T-C,37,9
1,2703826,T-C,37,9
1,2874841,T-C,37,9
1,2967535,A-G,37,9
1,2997694,T-C,37,9
1,3091060,T-C,37,9
1,3238775,T-C,37,9
1,3550388,T-C,37,9
1,3861716,T-C,37,9
1,4008285,A-G,37,9
1,4389886,T-G,37,9
1,1099173,C-G,380,4
1,1684747,C-A,381,4
1,1774181,T-C,381,4
0.944660187,3842249,T-C,381,4
1,4146,A-G,38,9
1,411602,T-G,38,9
1,726459,G-C,38,9
1,793892,C-G,38,9
1,1537619,A-G,38,9
1,1923378,A-G,38,9
1,1926702,G-C,38,9
1,2021414,T-C,38,9
1,2046108,T-C,38,9
1,2275877,A-G,38,9
1,2444839,C-G,38,9
1,2656381,A-G,38,9
1,3072335,T-C,38,9
1,3133545,A-G,38,9
1,3285697,T-C,38,9
1,3550388,T-C,38,9
1,3596819,T-C,38,9
1,3598905,A-G,38,9
1,4008285,A-G,38,9
1,4183868,A-G,38,9
1,4399802,T-C,38,9
1,82050,C-G,39,9
1,83604,C-A,39,9
1,141208,A-G,39,9
1,193459,C-G,39,9
1,411602,T-G,39,9
1,726459,G-C,39,9
1,1636624,A-G,39,9
1,2209322,G-T,39,9
1,2213732,C-A,39,9
1,2519638,T-C,39,9
1,2808364,T-C,39,9
1,2963317,T-C,39,9
1,2980215,T-C,39,9
1,4616061,A-G,39,9
1,5417,A-G,39,9
1,1607017,T-C,3,7
1,2003842,T-C,3,7
1,141208,A-G,40,9
1,283519,A-G,40,9
1,411602,T-G,40,9
1,726459,G-C,40,9
1,1046799,T-C,40,9
1,1380897,A-G,40,9
1,1636624,A-G,40,9
1,1743770,T-A,40,9
1,2275877,A-G,40,9
1,2874841,T-C,40,9
1,2963317,T-C,40,9
1,3200185,A-G,40,9
1,3277619,T-C,40,9
1,3550388,T-C,40,9
1,3751444,A-G,40,9
1,4008285,A-G,40,9
1,4089188,A-G,40,9
1,4101889,A-G,40,9
1,4616061,A-G,40,9
1,5417,A-G,40,9
1,21718,C-G,40,9
1,207583,T-C,41,9
1,350293,T-C,41,9
1,403589,A-G,41,9
1,411602,T-G,41,9
1,706595,T-C,41,9
1,726459,G-C,41,9
1,886933,A-G,41,9
1,1082610,G-T,41,9
1,1353037,T-C,41,9
1,1445592,A-G,41,9
1,1570620,T-C,41,9
1,1572981,T-C,41,9
1,1808116,T-C,41,9
1,2199636,T-C,41,9
1,2275877,A-G,41,9
1,2294544,T-C,41,9
1,2821797,A-G,41,9
1,2874841,T-C,41,9
1,3465033,T-C,41,9
1,3550388,T-C,41,9
1,4008285,A-G,41,9
1,4057869,A-G,41,9
1,4679560,A-G,41,9
1,411602,T-G,43,9
1,467920,A-G,43,9
1,687853,A-G,43,9
1,720136,A-G,43,9
1,1021611,T-C,43,9
1,1082481,A-G,43,9
1,1280053,T-C,43,9
1,1353503,A-G,43,9
1,1525396,T-C,43,9
1,1752308,T-C,43,9
1,1784699,A-G,43,9
1,2028076,G-C,43,9
1,2110500,A-G,43,9
1,2246058,T-C,43,9
1,2370153,T-C,43,9
1,2474470,T-A,43,9
1,2477283,G-T,43,9
1,2992297,T-C,43,9
1,3240563,A-G,43,9
1,3550388,T-C,43,9
1,3552114,A-G,43,9
1,3765474,T-C,43,9
1,4008285,A-G,43,9
1,4475078,A-G,43,9
1,411602,T-G,45,9
1,687853,A-G,45,9
1,720136,A-G,45,9
1,726459,G-C,45,9
1,1484564,T-C,45,9
1,1525396,T-C,45,9
1,1641690,T-A,45,9
1,1728206,A-G,45,9
1,2110500,A-G,45,9
1,2216729,A-G,45,9
1,2246058,T-C,45,9
1,2275877,A-G,45,9
1,2370153,T-C,45,9
1,2633305,T-C,45,9
1,2992297,T-C,45,9
1,3036519,T-C,45,9
1,3323747,T-C,45,9
1,3377835,C-G,45,9
1,3390578,A-G,45,9
1,4036798,G-T,45,9
1,4036897,C-A,45,9
1,4376931,T-C,45,9
1,194869,A-G,46,9
1,411602,T-G,46,9
1,467920,A-G,46,9
1,883239,A-G,46,9
1,1060152,A-G,46,9
1,1405406,A-G,46,9
1,1496803,A-G,46,9
1,1617323,C-G,46,9
1,1631387,G-C,46,9
1,2650707,A-G,46,9
1,2874841,T-C,46,9
1,3079351,G-C,46,9
1,3400173,T-C,46,9
1,3649718,T-C,46,9
1,4008285,A-G,46,9
1,4025515,G-T,46,9
1,4072780,T-C,46,9
1,4544634,C-G,46,9
1,4555216,A-G,46,9
1,101136,T-C,47,9
1,409909,A-G,47,9
1,411602,T-G,47,9
1,441667,A-G,47,9
1,467920,A-G,47,9
1,499086,A-T,47,9
1,726459,G-C,47,9
1,831350,A-G,47,9
1,1103051,C-G,47,9
1,1164409,T-C,47,9
1,1678595,A-G,47,9
1,1804627,T-C,47,9
1,1853989,T-C,47,9
1,1964443,T-C,47,9
1,2275374,T-C,47,9
1,2275877,A-G,47,9
1,2425680,T-C,47,9
1,2476348,A-G,47,9
1,2874841,T-C,47,9
1,3034868,T-C,47,9
1,3304338,T-C,47,9
1,4304192,A-G,47,9
1,4555216,A-G,47,9
1,4560329,A-G,47,9
1,726459,G-C,4,7
1,1073031,A-G,4,7
1,1703237,A-G,4,7
1,2093433,G-C,4,7
1,2874841,T-C,4,7
1,3091748,A-G,4,7
1,3311848,T-C,4,7
1,4008285,A-G,4,7
1,4153133,C-G,4,7
1,4202808,A-G,4,7
1,31809,T-C,4,7
1,401197,G-T,50,2
1,411602,T-G,50,2
1,2041800,A-G,50,2
1,3567452,C-G,50,2
1,3790585,T-A,50,2
1,4515390,A-T,50,2
1,411602,T-G,53,2
1,427853,G-T,53,2
1,444135,C-G,53,2
1,1696454,G-T,53,2
1,411602,T-G,54,2
1,1389931,A-T,54,2
1,2033001,T-C,54,2
1,2270380,A-G,54,2
1,3190794,T-A,54,2
1,411602,T-G,55,2
1,3462534,C-A,55,2
1,2377606,G-T,56,2
1,411602,T-G,57,2
1,4355272,T-C,58,2
1,3247889,C-A,59,2
1,3402168,A-G,59,2
1,4088089,A-C,59,2
1,1016541,T-C,5,7
1,3840527,C-G,5,7
1,411602,T-G,60,2
1,946792,G-C,60,2
1,411602,T-G,61,2
1,968498,C-G,61,2
1,411602,T-G,62,2
1,1543223,C-A,62,2
1,1585736,G-C,62,2
1,1608650,G-C,62,2
0.934657574,1898458,T-C,62,2
0.941025734,2897051,A-G,62,2
1,3976174,T-C,62,2
1,585948,C-G,64,2
1,1396298,A-G,64,2
1,1756360,T-C,64,2
1,4429160,T-G,64,2
1,3077831,G-T,65,2
1,3393643,G-C,65,2
1,4107066,G-T,65,2
1,2462723,A-G,66,2
1,262194,T-C,67,2
1,411602,T-G,67,2
1,1313270,G-T,67,2
1,2576341,A-C,67,2
1,2640973,C-G,67,2
1,150680,C-A,68,2
1,4083110,C-G,69,2
1,4577956,T-C,69,2
1,172942,T-C,70,2
1,411602,T-G,70,2
1,474719,A-T,70,2
1,2669672,C-A,70,2
1,2725662,G-C,70,2
1,158663,T-A,71,2
1,355474,T-C,71,2
1,411602,T-G,71,2
1,877538,C-A,71,2
1,2159087,G-T,71,2
1,3572039,A-T,71,2
1,12095,G-T,71,2
1,411602,T-G,74,4
1,2049887,T-C,74,4
1,411602,T-G,75,4
1,2089410,T-C,75,4
1,2976139,G-T,75,4
1,3777621,C-A,75,4
1,411602,T-G,80,4
1,668432,G-C,81,4
1,1053603,T-A,81,4
1,411602,T-G,82,4
1,411602,T-G,85,4
1,2845134,G-C,85,4
1,3835628,C-G,85,4
1,411602,T-G,86,4
1,2164694,T-G,87,4
1,2224489,C-G,87,4
1,2272860,A-T,87,4
1,3454,T-A,8,7
1,145736,A-G,8,7
1,411602,T-G,8,7
1,726459,G-C,8,7
1,782086,G-C,8,7
1,1407564,T-C,8,7
1,1427427,A-G,8,7
1,1492675,A-G,8,7
1,1630544,A-G,8,7
1,2261149,G-T,8,7
1,2846389,T-C,8,7
1,3196617,T-C,8,7
1,3222553,C-A,8,7
1,3550388,T-C,8,7
1,4008285,A-G,8,7
1,4475078,A-G,8,7
1,4479102,A-G,8,7
1,411602,T-G,90,4
1,478638,C-G,90,4
1,411602,T-G,91,4
1,145736,A-G,98,7
1,4002638,C-G,98,7
1,4008285,A-G,98,7
1,86025,A-G,99,7
1,186482,A-G,99,7
1,275494,A-G,99,7
1,402754,A-G,99,7
1,411602,T-G,99,7
1,851945,A-G,99,7
1,1029231,A-G,99,7
1,1092438,A-G,99,7
1,1131565,A-G,99,7
1,1419634,T-C,99,7
1,1672217,G-C,99,7
1,2275877,A-G,99,7
1,2740592,T-C,99,7
1,2874841,T-C,99,7
1,3550388,T-C,99,7
1,3554078,T-C,99,7
1,3935307,T-C,99,7
1,4008285,A-G,99,7
1,4063822,A-G,99,7
1,4616977,A-G,99,7
1,35451,G-C,99,7
1,145736,A-G,9,7
1,346508,A-G,9,7
1,411602,T-G,9,7
1,467920,A-G,9,7
1,707305,T-C,9,7
1,726459,G-C,9,7
1,1280053,T-C,9,7
1,1407564,T-C,9,7
1,1492675,A-G,9,7
1,1525396,T-C,9,7
1,2110500,A-G,9,7
1,2187576,T-C,9,7
1,2275877,A-G,9,7
1,2633305,T-C,9,7
1,2699539,T-C,9,7
1,2874841,T-C,9,7
1,3196617,T-C,9,7
1,3323747,T-C,9,7
1,4008285,A-G,9,7
1,4445459,A-G,9,7
1,4475078,A-G,9,7
1,4580908,A-G,9,7
1,4630322,A-G,9,7
